epoch,container,cpu_percent,mem_usage
1790819140,reactive-budget-bidder-1,192.88%,805.8MiB / 1GiB
1790819141,reactive-budget-bidder-1,202.32%,861MiB / 1GiB
1790819143,reactive-budget-bidder-1,152.79%,856.6MiB / 1GiB
1790819145,reactive-budget-bidder-1,128.43%,856.9MiB / 1GiB
1790819147,reactive-budget-bidder-1,131.73%,859.7MiB / 1GiB
1790819149,reactive-budget-bidder-1,121.13%,856.9MiB / 1GiB
1790819151,reactive-budget-bidder-1,137.14%,856.6MiB / 1GiB
1790819153,reactive-budget-bidder-1,131.09%,857.1MiB / 1GiB
1790819155,reactive-budget-bidder-1,134.52%,857.6MiB / 1GiB
1790819157,reactive-budget-bidder-1,127.40%,856.4MiB / 1GiB
1790819159,reactive-budget-bidder-1,128.85%,858.4MiB / 1GiB
1790819161,reactive-budget-bidder-1,127.92%,858.3MiB / 1GiB
1790819163,reactive-budget-bidder-1,127.03%,857MiB / 1GiB
1790819165,reactive-budget-bidder-1,123.69%,857.1MiB / 1GiB
1790819167,reactive-budget-bidder-1,121.82%,857.4MiB / 1GiB
1790819169,reactive-budget-bidder-1,115.27%,857MiB / 1GiB
1790819171,reactive-budget-bidder-1,125.00%,856.7MiB / 1GiB
1790819173,reactive-budget-bidder-1,121.44%,856.8MiB / 1GiB
1790819175,reactive-budget-bidder-1,121.16%,857.7MiB / 1GiB
1790819177,reactive-budget-bidder-1,120.65%,857.2MiB / 1GiB
1790819179,reactive-budget-bidder-1,143.55%,857.4MiB / 1GiB
1790819181,reactive-budget-bidder-1,137.11%,857.4MiB / 1GiB
1790819183,reactive-budget-bidder-1,130.61%,857.6MiB / 1GiB
1790819185,reactive-budget-bidder-1,141.64%,858MiB / 1GiB
1790819187,reactive-budget-bidder-1,126.10%,857.4MiB / 1GiB
1790819189,reactive-budget-bidder-1,132.83%,858.3MiB / 1GiB
1790819191,reactive-budget-bidder-1,138.14%,858MiB / 1GiB
1790819193,reactive-budget-bidder-1,144.52%,858MiB / 1GiB
1790819195,reactive-budget-bidder-1,140.48%,857.8MiB / 1GiB
1790819197,reactive-budget-bidder-1,145.59%,857.3MiB / 1GiB
1790819199,reactive-budget-bidder-1,24.39%,856.3MiB / 1GiB
