epoch	thermal_state	low_power_mode
1791038544	0	1
1791038554	0	1
1791038564	0	1
1791038574	0	1
1791038584	0	1
1791038594	0	1
1791038604	0	1
1791038614	0	1
1791038624	0	1
1791038634	0	1
1791038645	0	1
1791038655	0	1
1791038665	0	1
1791038675	0	1
1791038685	0	1
1791038695	0	1
1791038705	0	1
1791038715	0	1
1791038725	0	1
1791038735	0	1
1791038745	0	1
1791038755	0	1
1791038765	0	1
1791038775	0	1
1791038785	0	1
1791038796	0	1
1791038806	0	1
1791038816	0	1
1791038826	0	1
1791038836	0	1
1791038846	0	1
1791038856	0	1
1791038866	0	1
1791038876	0	1
1791038886	0	1
1791038896	0	1
1791038906	0	1
1791038916	0	1
1791038926	0	1
1791038937	0	1
1791038947	0	1
1791038957	0	1
1791038967	0	1
1791038977	0	1
1791038987	0	1
1791038997	0	1
1791039007	0	1
1791039017	0	1
1791039027	0	1
1791039037	0	1
1791039047	0	1
1791039057	0	1
1791039067	0	1
1791039077	0	1
1791039088	0	1
1791039098	0	1
1791039108	0	1
1791039118	0	1
1791039128	0	1
1791039138	0	1
1791039148	0	1
1791039158	0	1
1791039168	0	1
1791039178	0	1
1791039188	0	1
1791039198	0	1
1791039208	0	1
1791039218	0	1
1791039228	0	1
1791039238	0	1
1791039249	0	1
1791039259	0	1
1791039269	0	1
1791039279	0	1
1791039289	0	1
1791039299	0	1
1791039309	0	1
1791039319	0	1
1791039329	0	1
1791039339	0	1
1791039349	0	1
1791039359	0	1
1791039369	0	1
1791039379	0	1
1791039389	0	1
1791039399	0	1
1791039409	0	1
1791039420	0	1
1791039430	0	1
1791039440	0	1
1791039450	0	1
1791039460	0	1
1791039470	0	1
1791039480	0	1
1791039490	0	1
1791039500	0	1
1791039510	0	1
1791039520	0	1
1791039530	0	1
1791039540	0	1
1791039550	0	1
1791039560	0	1
1791039571	0	1
1791039581	0	1
1791039591	0	1
1791039601	0	1
1791039611	0	1
1791039621	0	1
1791039631	0	1
1791039641	0	1
1791039651	0	1
1791039661	0	1
1791039671	0	1
1791039681	0	1
1791039691	0	1
1791039701	0	1
1791039712	0	1
1791039722	0	1
1791039732	0	1
1791039742	0	1
1791039752	0	1
1791039762	0	1
1791039772	0	1
1791039782	0	1
1791039792	0	1
1791039802	0	1
1791039812	0	1
1791039822	0	1
1791039832	0	1
1791039842	0	1
1791039853	0	1
1791039863	0	1
1791039873	0	1
1791039883	0	1
1791039893	0	1
1791039903	0	1
1791039913	0	1
1791039923	0	1
1791039933	0	1
1791039943	0	1
1791039953	0	1
1791039963	0	1
1791039973	0	1
1791039983	0	1
1791039994	0	1
1791040004	0	1
1791040014	0	1
1791040024	0	1
1791040034	0	1
1791040044	0	1
1791040054	0	1
1791040064	0	1
1791040074	0	1
1791040084	0	1
1791040094	0	1
1791040104	0	1
1791040114	0	1
1791040124	0	1
1791040134	0	1
1791040145	0	1
1791040155	0	1
1791040165	0	1
1791040175	0	1
1791040185	0	1
1791040195	0	1
1791040205	0	1
1791040215	0	1
1791040225	0	1
1791040235	0	1
1791040245	0	1
1791040255	0	1
1791040265	0	1
1791040275	0	1
1791040285	0	1
1791040295	0	1
1791040306	0	1
1791040316	0	1
1791040326	0	1
1791040336	0	1
1791040346	0	1
1791040356	0	1
1791040366	0	1
1791040376	0	1
1791040386	0	1
1791040396	0	1
1791040406	0	1
1791040416	0	1
1791040426	0	1
1791040436	0	1
1791040446	0	1
1791040456	0	1
1791040466	0	1
1791040477	0	1
1791040487	0	1
1791040497	0	1
1791040507	0	1
1791040517	0	1
1791040527	0	1
1791040537	0	1
1791040547	0	1
1791040557	0	1
1791040567	0	1
1791040577	0	1
1791040587	0	1
1791040597	0	1
1791040607	0	1
1791040617	0	1
1791040627	0	1
1791040638	0	1
1791040648	0	1
1791040658	0	1
1791040668	0	1
1791040678	0	1
1791040688	0	1
1791040698	0	1
1791040708	0	1
1791040718	0	1
1791040728	0	1
1791040738	0	1
1791040748	0	1
1791040758	0	1
1791040768	0	1
1791040779	0	1
1791040789	0	1
1791040799	0	1
1791040809	0	1
1791040819	0	1
1791040829	0	1
1791040839	0	1
1791040849	0	1
1791040859	0	1
1791040869	0	1
1791040879	0	1
1791040889	0	1
1791040899	0	1
1791040909	0	1
1791040920	0	1
1791040930	0	1
1791040940	0	1
1791040950	0	1
1791040960	0	1
1791040970	0	1
1791040980	0	1
1791040990	0	1
1791041000	0	1
1791041010	0	1
1791041020	0	1
1791041030	0	1
1791041040	0	1
1791041050	0	1
1791041061	0	1
1791041071	0	1
1791041081	0	1
1791041091	0	1
1791041101	0	1
1791041111	0	1
1791041121	0	1
1791041131	0	1
1791041141	0	1
1791041151	0	1
1791041161	0	1
1791041171	0	1
1791041181	0	1
1791041191	0	1
1791041201	0	1
1791041211	0	1
1791041222	0	1
1791041232	0	1
1791041242	0	1
1791041252	0	1
1791041262	0	1
1791041272	0	1
1791041282	0	1
1791041292	0	1
1791041302	0	1
1791041312	0	1
1791041322	0	1
1791041332	0	1
1791041342	0	1
1791041352	0	1
1791041362	0	1
1791041372	0	1
1791041383	0	1
1791041393	0	1
1791041403	0	1
1791041413	0	1
1791041423	0	1
1791041433	0	1
1791041443	0	1
1791041453	0	1
1791041463	0	1
1791041473	0	1
1791041483	0	1
1791041493	0	1
1791041503	0	1
1791041513	0	1
1791041523	0	1
1791041533	0	1
1791041544	0	1
1791041554	0	1
1791041564	0	1
1791041574	0	1
1791041584	0	1
1791041594	0	1
1791041604	0	1
1791041614	0	1
1791041624	0	1
1791041634	0	1
1791041644	0	1
1791041654	0	1
1791041664	0	1
1791041674	0	1
1791041684	0	1
1791041694	0	1
1791041705	0	1
1791041715	0	1
1791041725	0	1
1791041735	0	1
1791041745	0	1
1791041755	0	1
1791041765	0	1
1791041775	0	1
1791041785	0	1
1791041795	0	1
1791041805	0	1
1791041815	0	1
1791041825	0	1
1791041835	0	1
1791041845	0	1
1791041856	0	1
1791041866	0	1
1791041876	0	1
1791041886	0	1
1791041896	0	1
1791041906	0	1
1791041916	0	1
1791041926	0	1
1791041936	0	1
1791041946	0	1
1791041956	0	1
1791041966	0	1
1791041976	0	1
1791041986	0	1
1791041996	0	1
1791042007	0	1
1791042017	0	1
1791042027	0	1
1791042037	0	1
1791042047	0	1
1791042057	0	1
1791042067	0	1
1791042077	0	1
1791042087	0	1
1791042097	0	1
1791042107	0	1
1791042117	0	1
1791042127	0	1
1791042137	0	1
1791042148	0	1
1791042158	0	1
1791042168	0	1
1791042178	0	1
1791042188	0	1
1791042198	0	1
1791042208	0	1
1791042218	0	1
1791042228	0	1
1791042238	0	1
1791042248	0	1
1791042258	0	1
1791042268	0	1
1791042278	0	1
1791042288	0	1
1791042298	0	1
1791042309	0	1
1791042319	0	1
1791042329	0	1
1791042339	0	1
1791042349	0	1
1791042359	0	1
1791042369	0	1
1791042379	0	1
1791042389	0	1
1791042399	0	1
1791042409	0	1
1791042419	0	1
1791042429	0	1
1791042439	0	1
1791042449	0	1
1791042459	0	1
1791042470	0	1
1791042480	0	1
1791042490	0	1
1791042500	0	1
1791042510	0	1
1791042520	0	1
1791042530	0	1
1791042540	0	1
1791042550	0	1
1791042560	0	1
1791042570	0	1
1791042580	0	1
1791042590	0	1
1791042600	0	1
1791042610	0	1
1791042620	0	1
1791042631	0	1
1791042641	0	1
1791042651	0	1
1791042661	0	1
1791042671	0	1
1791042681	0	1
1791042691	0	1
1791042701	0	1
1791042711	0	1
1791042721	0	1
1791042731	0	1
1791042741	0	1
1791042751	0	1
1791042761	0	1
1791042771	0	1
1791042781	0	1
1791042792	0	1
1791042802	0	1
1791042812	0	1
1791042822	0	1
1791042832	0	1
1791042842	0	1
1791042852	0	1
1791042862	0	1
1791042872	0	1
1791042882	0	1
1791042892	0	1
1791042902	0	1
1791042912	0	1
1791042922	0	1
1791042932	0	1
1791042943	0	1
1791042953	0	1
1791042963	0	1
1791042973	0	1
1791042983	0	1
1791042993	0	1
1791043003	0	1
1791043013	0	1
1791043023	0	1
1791043033	0	1
1791043043	0	1
1791043053	0	1
1791043063	0	1
1791043073	0	1
1791043084	0	1
1791043094	0	1
1791043104	0	1
1791043114	0	1
1791043124	0	1
1791043134	0	1
1791043144	0	1
1791043154	0	1
1791043164	0	1
1791043174	0	1
1791043184	0	1
1791043194	0	1
1791043204	0	1
1791043214	0	1
1791043225	0	1
1791043235	0	1
1791043245	0	1
1791043255	0	1
1791043265	0	1
1791043275	0	1
1791043285	0	1
1791043295	0	1
1791043305	0	1
1791043315	0	1
1791043325	0	1
1791043335	0	1
1791043345	0	1
1791043355	0	1
1791043366	0	1
1791043376	0	1
1791043386	0	1
1791043396	0	1
1791043406	0	1
1791043416	0	1
1791043426	0	1
1791043436	0	1
1791043446	0	1
1791043456	0	1
1791043466	0	1
1791043476	0	1
1791043486	0	1
1791043496	0	1
1791043506	0	1
1791043516	0	1
1791043527	0	1
1791043537	0	1
1791043547	0	1
1791043557	0	1
1791043567	0	1
1791043577	0	1
1791043587	0	1
1791043597	0	1
1791043607	0	1
1791043617	0	1
1791043627	0	1
1791043637	0	1
1791043647	0	1
1791043657	0	1
1791043667	0	1
1791043677	0	1
1791043687	0	1
1791043698	0	1
1791043708	0	1
1791043718	0	1
1791043728	0	1
1791043738	0	1
1791043748	0	1
1791043758	0	1
1791043768	0	1
1791043778	0	1
1791043788	0	1
1791043798	0	1
1791043808	0	1
1791043818	0	1
1791043828	0	1
1791043838	0	1
1791043848	0	1
1791043858	0	1
1791043869	0	1
1791043879	0	1
1791043889	0	1
1791043899	0	1
1791043909	0	1
1791043919	0	1
1791043929	0	1
1791043939	0	1
1791043949	0	1
1791043959	0	1
1791043969	0	1
1791043979	0	1
1791043989	0	1
1791043999	0	1
1791044009	0	1
1791044020	0	1
1791044030	0	1
1791044040	0	1
1791044050	0	1
1791044060	0	1
1791044070	0	1
1791044080	0	1
1791044090	0	1
1791044100	0	1
1791044110	0	1
1791044120	0	1
1791044130	0	1
1791044140	0	1
1791044150	0	1
1791044160	0	1
1791044171	0	1
1791044181	0	1
1791044191	0	1
1791044201	0	1
1791044211	0	1
1791044221	0	1
1791044231	0	1
1791044241	0	1
1791044251	0	1
1791044261	0	1
1791044271	0	1
1791044281	0	1
1791044291	0	1
1791044301	0	1
1791044312	0	1
1791044322	0	1
1791044332	0	1
1791044342	0	1
1791044352	0	1
1791044362	0	1
1791044372	0	1
1791044382	0	1
1791044392	0	1
1791044402	0	1
1791044412	0	1
1791044422	0	1
1791044432	0	1
1791044442	0	1
1791044453	0	1
1791044463	0	1
1791044473	0	1
1791044483	0	1
1791044493	0	1
1791044503	0	1
1791044513	0	1
1791044523	0	1
1791044533	0	1
1791044543	0	1
1791044553	0	1
1791044563	0	1
1791044573	0	1
1791044583	0	1
1791044593	0	1
1791044604	0	1
1791044614	0	1
1791044624	0	1
1791044634	0	1
1791044644	0	1
1791044654	0	1
1791044664	0	1
1791044674	0	1
1791044684	0	1
1791044694	0	1
1791044704	0	1
1791044714	0	1
1791044724	0	1
1791044734	0	1
1791044744	0	1
1791044754	0	1
1791044765	0	1
1791044775	0	1
1791044785	0	1
1791044795	0	1
1791044805	0	1
1791044815	0	1
1791044825	0	1
1791044835	0	1
1791044845	0	1
1791044855	0	1
1791044865	0	1
1791044875	0	1
1791044885	0	1
1791044895	0	1
1791044905	0	1
1791044915	0	1
1791044926	0	1
1791044936	0	1
1791044946	0	1
1791044956	0	1
1791044966	0	1
1791044976	0	1
1791044986	0	1
1791044996	0	1
1791045006	0	1
1791045016	0	1
1791045026	0	1
1791045036	0	1
1791045046	0	1
1791045056	0	1
1791045066	0	1
1791045076	0	1
1791045087	0	1
1791045097	0	1
1791045107	0	1
1791045117	0	1
1791045127	0	1
1791045137	0	1
1791045147	0	1
1791045157	0	1
1791045167	0	1
1791045177	0	1
1791045187	0	1
1791045197	0	1
1791045207	0	1
1791045217	0	1
1791045228	0	1
1791045238	0	1
1791045248	0	1
1791045258	0	1
1791045268	0	1
1791045278	0	1
1791045288	0	1
1791045298	0	1
1791045308	0	1
1791045318	0	1
1791045328	0	1
1791045338	0	1
1791045348	0	1
1791045358	0	1
1791045369	0	1
1791045379	0	1
1791045389	0	1
1791045399	0	1
1791045409	0	1
1791045419	0	1
1791045429	0	1
1791045439	0	1
1791045449	0	1
1791045459	0	1
1791045469	0	1
1791045479	0	1
1791045489	0	1
1791045499	0	1
1791045510	0	1
1791045520	0	1
1791045530	0	1
1791045540	0	1
1791045550	0	1
1791045560	0	1
1791045570	0	1
1791045580	0	1
1791045590	0	1
1791045600	0	1
1791045610	0	1
1791045620	0	1
1791045630	0	1
1791045640	0	1
1791045650	0	1
1791045661	0	1
1791045671	0	1
1791045681	0	1
1791045691	0	1
1791045701	0	1
1791045711	0	1
1791045721	0	1
1791045731	0	1
1791045741	0	1
1791045751	0	1
1791045761	0	1
1791045771	0	1
1791045781	0	1
1791045791	0	1
1791045801	0	1
1791045812	0	1
1791045822	0	1
1791045832	0	1
1791045842	0	1
1791045852	0	1
1791045862	0	1
1791045872	0	1
1791045882	0	1
1791045892	0	1
1791045902	0	1
1791045912	0	1
1791045922	0	1
1791045932	0	1
1791045942	0	1
1791045952	0	1
1791045962	0	1
1791045972	0	1
1791045983	0	1
1791045993	0	1
1791046003	0	1
1791046013	0	1
1791046023	0	1
1791046033	0	1
1791046043	0	1
1791046053	0	1
1791046063	0	1
1791046073	0	1
1791046083	0	1
1791046093	0	1
1791046103	0	1
1791046113	0	1
1791046123	0	1
1791046134	0	1
1791046144	0	1
1791046154	0	1
1791046164	0	1
1791046174	0	1
1791046184	0	1
1791046194	0	1
1791046204	0	1
1791046214	0	1
1791046224	0	1
1791046234	0	1
1791046244	0	1
1791046254	0	1
1791046265	0	1
1791046275	0	1
1791046285	0	1
1791046295	0	1
1791046305	0	1
1791046315	0	1
1791046325	0	1
1791046335	0	1
1791046345	0	1
1791046355	0	1
1791046365	0	1
1791046375	0	1
1791046385	0	1
1791046395	0	1
1791046406	0	1
1791046416	0	1
1791046426	0	1
1791046436	0	1
1791046446	0	1
1791046456	0	1
1791046466	0	1
1791046476	0	1
1791046486	0	1
1791046496	0	1
1791046506	0	1
1791046516	0	1
1791046526	0	1
1791046536	0	1
1791046547	0	1
1791046557	0	1
1791046567	0	1
1791046577	0	1
1791046587	0	1
1791046597	0	1
1791046607	0	1
1791046617	0	1
1791046627	0	1
1791046637	0	1
1791046647	0	1
1791046657	0	1
1791046667	0	1
1791046677	0	1
1791046687	0	1
1791046697	0	1
1791046708	0	1
1791046718	0	1
1791046728	0	1
1791046738	0	1
1791046748	0	1
1791046758	0	1
1791046768	0	1
1791046778	0	1
1791046788	0	1
1791046798	0	1
1791046808	0	1
1791046818	0	1
1791046828	0	1
1791046838	0	1
1791046848	0	1
1791046859	0	1
1791046869	0	1
1791046879	0	1
1791046889	0	1
1791046899	0	1
1791046909	0	1
1791046919	0	1
1791046929	0	1
1791046939	0	1
1791046949	0	1
1791046959	0	1
1791046969	0	1
1791046979	0	1
1791046989	0	1
1791047000	0	1
1791047010	0	1
1791047020	0	1
1791047030	0	1
1791047040	0	1
1791047050	0	1
1791047060	0	1
1791047070	0	1
1791047080	0	1
1791047090	0	1
1791047100	0	1
1791047110	0	1
1791047120	0	1
1791047130	0	1
1791047140	0	1
1791047151	0	1
1791047161	0	1
1791047171	0	1
1791047181	0	1
1791047191	0	1
1791047201	0	1
1791047211	0	1
1791047221	0	1
1791047231	0	1
1791047241	0	1
1791047251	0	1
1791047261	0	1
1791047271	0	1
1791047281	0	1
1791047291	0	1
1791047301	0	1
1791047312	0	1
1791047322	0	1
1791047332	0	1
1791047342	0	1
1791047352	0	1
1791047362	0	1
1791047372	0	1
1791047382	0	1
1791047392	0	1
1791047402	0	1
1791047412	0	1
1791047422	0	1
1791047432	0	1
1791047442	0	1
1791047453	0	1
1791047463	0	1
1791047473	0	1
1791047483	0	1
1791047493	0	1
1791047503	0	1
1791047513	0	1
1791047523	0	1
1791047533	0	1
1791047543	0	1
1791047553	0	1
1791047563	0	1
1791047573	0	1
1791047583	0	1
1791047594	0	1
1791047604	0	1
1791047614	0	1
1791047624	0	1
1791047634	0	1
1791047644	0	1
1791047654	0	1
1791047664	0	1
1791047674	0	1
1791047684	0	1
1791047694	0	1
1791047704	0	1
1791047714	0	1
1791047724	0	1
1791047735	0	1
1791047745	0	1
1791047755	0	1
1791047765	0	1
1791047775	0	1
1791047785	0	1
1791047795	0	1
1791047805	0	1
1791047815	0	1
1791047825	0	1
1791047835	0	1
1791047845	0	1
1791047855	0	1
1791047865	0	1
1791047876	0	1
1791047886	0	1
1791047896	0	1
1791047906	0	1
1791047916	0	1
1791047926	0	1
1791047936	0	1
1791047946	0	1
1791047956	0	1
1791047966	0	1
1791047976	0	1
1791047986	0	1
1791047996	0	1
1791048006	0	1
1791048016	0	1
1791048027	0	1
1791048037	0	1
1791048047	0	1
1791048057	0	1
1791048067	0	1
1791048077	0	1
1791048087	0	1
1791048097	0	1
1791048107	0	1
1791048117	0	1
1791048127	0	1
1791048137	0	1
1791048147	0	1
1791048157	0	1
1791048168	0	1
1791048178	0	1
1791048188	0	1
1791048198	0	1
1791048208	0	1
1791048218	0	1
1791048228	0	1
1791048238	0	1
1791048248	0	1
1791048258	0	1
1791048268	0	1
1791048278	0	1
1791048288	0	1
1791048298	0	1
1791048308	0	1
1791048318	0	1
1791048328	0	1
1791048339	0	1
1791048349	0	1
1791048359	0	1
1791048369	0	1
1791048379	0	1
1791048389	0	1
1791048399	0	1
1791048409	0	1
1791048419	0	1
1791048429	0	1
1791048439	0	1
1791048449	0	1
1791048459	0	1
1791048469	0	1
1791048479	0	1
1791048489	0	1
1791048499	0	1
1791048510	0	1
1791048520	0	1
1791048530	0	1
1791048540	0	1
1791048550	0	1
1791048560	0	1
1791048570	0	1
1791048580	0	1
1791048590	0	1
1791048600	0	1
1791048610	0	1
1791048620	0	1
1791048630	0	1
1791048640	0	1
1791048651	0	1
1791048661	0	1
1791048671	0	1
1791048681	0	1
1791048691	0	1
1791048701	0	1
1791048711	0	1
1791048721	0	1
1791048731	0	1
1791048741	0	1
1791048751	0	1
1791048761	0	1
1791048771	0	1
1791048782	0	1
1791048792	0	1
1791048802	0	1
1791048812	0	1
1791048822	0	1
1791048832	0	1
1791048842	0	1
1791048852	0	1
1791048862	0	1
1791048872	0	1
1791048882	0	1
1791048892	0	1
1791048903	0	1
1791048913	0	1
1791048923	0	1
1791048933	0	1
1791048943	0	1
1791048953	0	1
1791048963	0	1
1791048973	0	1
1791048983	0	1
1791048993	0	1
1791049003	0	1
1791049013	0	1
1791049023	0	1
1791049033	0	1
1791049044	0	1
1791049054	0	1
1791049064	0	1
1791049074	0	1
1791049084	0	1
1791049094	0	1
1791049104	0	1
1791049114	0	1
1791049124	0	1
1791049134	0	1
1791049144	0	1
1791049154	0	1
1791049164	0	1
1791049174	0	1
1791049184	0	1
1791049195	0	1
1791049205	0	1
1791049215	0	1
1791049225	0	1
1791049235	0	1
1791049245	0	1
1791049255	0	1
1791049265	0	1
1791049275	0	1
1791049285	0	1
1791049295	0	1
1791049305	0	1
1791049315	0	1
1791049325	0	1
1791049335	0	1
1791049345	0	1
1791049356	0	1
1791049366	0	1
1791049376	0	1
1791049386	0	1
1791049396	0	1
1791049406	0	1
1791049416	0	1
1791049426	0	1
1791049436	0	1
1791049446	0	1
1791049456	0	1
1791049466	0	1
1791049476	0	1
1791049486	0	1
1791049496	0	1
1791049506	0	1
1791049517	0	1
1791049527	0	1
1791049537	0	1
1791049547	0	1
1791049557	0	1
1791049567	0	1
1791049577	0	1
1791049587	0	1
1791049597	0	1
1791049607	0	1
1791049617	0	1
1791049627	0	1
1791049637	0	1
1791049647	0	1
1791049657	0	1
1791049667	0	1
1791049677	0	1
1791049688	0	1
1791049698	0	1
1791049708	0	1
1791049718	0	1
1791049728	0	1
1791049738	0	1
1791049748	0	1
1791049758	0	1
1791049768	0	1
1791049778	0	1
1791049788	0	1
1791049798	0	1
1791049808	0	1
1791049818	0	1
1791049828	0	1
1791049838	0	1
1791049849	0	1
1791049859	0	1
1791049869	0	1
1791049879	0	1
1791049889	0	1
1791049899	0	1
1791049909	0	1
1791049919	0	1
1791049929	0	1
1791049939	0	1
1791049949	0	1
1791049959	0	1
1791049969	0	1
1791049979	0	1
1791049990	0	1
1791050000	0	1
1791050010	0	1
1791050020	0	1
1791050030	0	1
1791050040	0	1
1791050050	0	1
1791050060	0	1
1791050070	0	1
1791050080	0	1
1791050090	0	1
1791050100	0	1
1791050110	0	1
1791050120	0	1
1791050131	0	1
1791050141	0	1
1791050151	0	1
1791050161	0	1
1791050171	0	1
1791050181	0	1
1791050191	0	1
1791050201	0	1
1791050211	0	1
1791050221	0	1
1791050231	0	1
1791050241	0	1
1791050251	0	1
1791050261	0	1
1791050272	0	1
1791050282	0	1
1791050292	0	1
1791050302	0	1
1791050312	0	1
1791050322	0	1
1791050332	0	1
1791050342	0	1
1791050352	0	1
1791050362	0	1
1791050372	0	1
1791050382	0	1
1791050392	0	1
1791050402	0	1
1791050412	0	1
1791050423	0	1
1791050433	0	1
1791050443	0	1
1791050453	0	1
1791050463	0	1
1791050473	0	1
1791050483	0	1
1791050493	0	1
1791050503	0	1
1791050513	0	1
1791050523	0	1
1791050533	0	1
1791050543	0	1
1791050553	0	1
1791050563	0	1
1791050573	0	1
1791050583	0	1
1791050594	0	1
1791050604	0	1
1791050614	0	1
1791050624	0	1
1791050634	0	1
1791050644	0	1
1791050654	0	1
1791050664	0	1
1791050674	0	1
1791050684	0	1
1791050694	0	1
1791050704	0	1
1791050714	0	1
1791050724	0	1
1791050734	0	1
1791050744	0	1
1791050754	0	1
1791050765	0	1
1791050775	0	1
1791050785	0	1
1791050795	0	1
1791050805	0	1
1791050815	0	1
1791050825	0	1
1791050835	0	1
1791050845	0	1
1791050855	0	1
1791050865	0	1
1791050875	0	1
1791050885	0	1
1791050895	0	1
1791050905	0	1
1791050915	0	1
1791050925	0	1
1791050935	0	1
1791050946	0	1
1791050956	0	1
1791050966	0	1
1791050976	0	1
1791050986	0	1
1791050996	0	1
1791051006	0	1
1791051016	0	1
1791051026	0	1
1791051036	0	1
1791051046	0	1
1791051056	0	1
1791051066	0	1
1791051076	0	1
1791051086	0	1
1791051096	0	1
1791051106	0	1
1791051117	0	1
1791051127	0	1
1791051137	0	1
1791051147	0	1
1791051157	0	1
1791051167	0	1
1791051177	0	1
1791051187	0	1
1791051197	0	1
1791051207	0	1
1791051217	0	1
1791051227	0	1
1791051237	0	1
1791051247	0	1
1791051258	0	1
1791051268	0	1
1791051278	0	1
1791051288	0	1
1791051298	0	1
1791051308	0	1
1791051318	0	1
1791051328	0	1
1791051338	0	1
1791051348	0	1
1791051358	0	1
1791051368	0	1
1791051378	0	1
1791051388	0	1
1791051399	0	1
1791051409	0	1
1791051419	0	1
1791051429	0	1
1791051439	0	1
1791051449	0	1
1791051459	0	1
1791051469	0	1
1791051479	0	1
1791051489	0	1
1791051499	0	1
1791051509	0	1
1791051519	0	1
1791051529	0	1
1791051540	0	1
1791051550	0	1
1791051560	0	1
1791051570	0	1
1791051580	0	1
1791051590	0	1
1791051600	0	1
1791051610	0	1
1791051620	0	1
1791051630	0	1
1791051640	0	1
1791051650	0	1
1791051660	0	1
1791051671	0	1
1791051681	0	1
1791051691	0	1
1791051701	0	1
1791051711	0	1
1791051721	0	1
1791051731	0	1
1791051741	0	1
1791051751	0	1
1791051761	0	1
1791051771	0	1
1791051781	0	1
1791051791	0	1
1791051801	0	1
1791051811	0	1
1791051821	0	1
1791051832	0	1
1791051842	0	1
1791051852	0	1
1791051862	0	1
1791051872	0	1
1791051882	0	1
1791051892	0	1
1791051902	0	1
1791051912	0	1
1791051922	0	1
1791051932	0	1
1791051942	0	1
1791051952	0	1
1791051962	0	1
1791051972	0	1
1791051982	0	1
1791051992	0	1
1791052003	0	1
1791052013	0	1
1791052023	0	1
1791052033	0	1
1791052043	0	1
1791052053	0	1
1791052063	0	1
1791052073	0	1
1791052083	0	1
1791052093	0	1
1791052103	0	1
1791052113	0	1
1791052123	0	1
1791052133	0	1
1791052143	0	1
1791052153	0	1
1791052163	0	1
1791052174	0	1
1791052184	0	1
1791052194	0	1
1791052204	0	1
1791052214	0	1
1791052224	0	1
1791052234	0	1
1791052244	0	1
1791052254	0	1
1791052264	0	1
1791052274	0	1
1791052284	0	1
1791052294	0	1
1791052304	0	1
1791052314	0	1
1791052324	0	1
1791052334	0	1
1791052344	0	1
1791052355	0	1
1791052365	0	1
1791052375	0	1
1791052385	0	1
1791052395	0	1
1791052405	0	1
1791052415	0	1
1791052425	0	1
1791052435	0	1
1791052445	0	1
1791052455	0	1
1791052465	0	1
1791052475	0	1
1791052485	0	1
1791052496	0	1
1791052506	0	1
1791052516	0	1
1791052526	0	1
1791052536	0	1
1791052546	0	1
1791052556	0	1
1791052566	0	1
1791052576	0	1
1791052586	0	1
1791052596	0	1
1791052606	0	1
1791052616	0	1
1791052626	0	1
1791052636	0	1
1791052647	0	1
1791052657	0	1
1791052667	0	1
1791052677	0	1
1791052687	0	1
1791052697	0	1
1791052707	0	1
1791052717	0	1
1791052727	0	1
1791052737	0	1
1791052747	0	1
1791052757	0	1
1791052767	0	1
1791052777	0	1
1791052788	0	1
1791052798	0	1
1791052808	0	1
1791052818	0	1
1791052828	0	1
1791052838	0	1
1791052848	0	1
1791052858	0	1
1791052868	0	1
1791052878	0	1
1791052888	0	1
1791052898	0	1
1791052908	0	1
1791052918	0	1
1791052929	0	1
1791052939	0	1
1791052949	0	1
1791052959	0	1
1791052969	0	1
1791052979	0	1
1791052989	0	1
1791052999	0	1
1791053009	0	1
1791053019	0	1
1791053029	0	1
1791053039	0	1
1791053049	0	1
1791053059	0	1
1791053069	0	1
1791053079	0	1
1791053090	0	1
1791053100	0	1
1791053110	0	1
1791053120	0	1
1791053130	0	1
1791053140	0	1
1791053150	0	1
1791053160	0	1
1791053170	0	1
1791053180	0	1
1791053190	0	1
1791053200	0	1
1791053210	0	1
1791053220	0	1
1791053230	0	1
1791053240	0	1
1791053250	0	1
1791053260	0	1
1791053271	0	1
1791053281	0	1
1791053291	0	1
1791053301	0	1
1791053311	0	1
1791053321	0	1
1791053331	0	1
1791053341	0	1
1791053351	0	1
1791053361	0	1
1791053371	0	1
1791053381	0	1
1791053391	0	1
1791053401	0	1
1791053411	0	1
1791053421	0	1
1791053431	0	1
1791053442	0	1
1791053452	0	1
1791053462	0	1
1791053472	0	1
1791053482	0	1
1791053492	0	1
1791053502	0	1
1791053512	0	1
1791053522	0	1
1791053532	0	1
1791053542	0	1
1791053552	0	1
1791053562	0	1
1791053572	0	1
1791053582	0	1
1791053592	0	1
1791053602	0	1
1791053612	0	1
1791053623	0	1
1791053633	0	1
1791053643	0	1
1791053653	0	1
1791053663	0	1
1791053673	0	1
1791053683	0	1
1791053693	0	1
1791053703	0	1
1791053713	0	1
1791053723	0	1
1791053733	0	1
1791053743	0	1
1791053753	0	1
1791053764	0	1
1791053774	0	1
1791053784	0	1
1791053794	0	1
1791053804	0	1
1791053814	0	1
1791053824	0	1
1791053834	0	1
1791053844	0	1
1791053854	0	1
1791053864	0	1
1791053874	0	1
1791053884	0	1
1791053894	0	1
1791053905	0	1
1791053915	0	1
1791053925	0	1
1791053935	0	1
1791053945	0	1
1791053955	0	1
1791053965	0	1
1791053975	0	1
1791053985	0	1
1791053995	0	1
1791054005	0	1
1791054015	0	1
1791054025	0	1
1791054035	0	1
1791054046	0	1
1791054056	0	1
1791054066	0	1
1791054076	0	1
1791054086	0	1
1791054096	0	1
1791054106	0	1
1791054116	0	1
1791054126	0	1
1791054136	0	1
1791054146	0	1
1791054156	0	1
1791054166	0	1
1791054176	0	1
1791054187	0	1
1791054197	0	1
1791054207	0	1
1791054217	0	1
1791054227	0	1
1791054237	0	1
1791054247	0	1
1791054257	0	1
1791054267	0	1
1791054277	0	1
1791054287	0	1
1791054297	0	1
1791054307	0	1
1791054317	0	1
1791054327	0	1
1791054337	0	1
1791054348	0	1
1791054358	0	1
1791054368	0	1
1791054378	0	1
1791054388	0	1
1791054398	0	1
1791054408	0	1
1791054418	0	1
1791054428	0	1
1791054438	0	1
1791054448	0	1
1791054458	0	1
1791054468	0	1
1791054478	0	1
1791054488	0	1
1791054499	0	1
1791054509	0	1
1791054519	0	1
1791054529	0	1
1791054539	0	1
1791054549	0	1
1791054559	0	1
1791054569	0	1
1791054579	0	1
1791054589	0	1
1791054599	0	1
1791054609	0	1
1791054619	0	1
1791054629	0	1
1791054640	0	1
1791054650	0	1
1791054660	0	1
1791054670	0	1
1791054680	0	1
1791054690	0	1
1791054700	0	1
1791054710	0	1
1791054720	0	1
1791054730	0	1
1791054740	0	1
1791054750	0	1
1791054760	0	1
1791054770	0	1
1791054780	0	1
1791054790	0	1
1791054800	0	1
1791054810	0	1
1791054821	0	1
1791054831	0	1
1791054841	0	1
1791054851	0	1
1791054861	0	1
1791054871	0	1
1791054881	0	1
1791054891	0	1
1791054901	0	1
1791054911	0	1
1791054921	0	1
1791054931	0	1
1791054941	0	1
1791054951	0	1
1791054962	0	1
1791054972	0	1
1791054982	0	1
1791054992	0	1
1791055002	0	1
1791055012	0	1
1791055022	0	1
1791055032	0	1
1791055042	0	1
1791055052	0	1
1791055062	0	1
1791055072	0	1
1791055082	0	1
1791055092	0	1
1791055103	0	1
1791055113	0	1
1791055123	0	1
1791055133	0	1
1791055143	0	1
1791055153	0	1
1791055163	0	1
1791055173	0	1
1791055183	0	1
1791055193	0	1
1791055203	0	1
1791055213	0	1
1791055223	0	1
1791055233	0	1
1791055244	0	1
1791055254	0	1
1791055264	0	1
1791055274	0	1
1791055284	0	1
1791055294	0	1
1791055304	0	1
1791055314	0	1
1791055324	0	1
1791055334	0	1
1791055344	0	1
1791055354	0	1
1791055364	0	1
1791055374	0	1
1791055385	0	1
1791055395	0	1
1791055405	0	1
1791055415	0	1
1791055425	0	1
1791055435	0	1
1791055445	0	1
1791055455	0	1
1791055465	0	1
1791055475	0	1
1791055485	0	1
1791055495	0	1
1791055505	0	1
1791055515	0	1
1791055526	0	1
1791055536	0	1
1791055546	0	1
1791055556	0	1
1791055566	0	1
1791055576	0	1
1791055586	0	1
1791055596	0	1
1791055606	0	1
1791055616	0	1
1791055626	0	1
1791055636	0	1
1791055646	0	1
1791055656	0	1
1791055666	0	1
1791055676	0	1
1791055686	0	1
1791055697	0	1
1791055707	0	1
1791055717	0	1
1791055727	0	1
1791055737	0	1
1791055747	0	1
1791055757	0	1
1791055767	0	1
1791055777	0	1
1791055787	0	1
1791055797	0	1
1791055807	0	1
1791055817	0	1
1791055827	0	1
1791055837	0	1
1791055847	0	1
1791055858	0	1
1791055868	0	1
1791055878	0	1
1791055888	0	1
1791055898	0	1
1791055908	0	1
1791055918	0	1
1791055928	0	1
1791055938	0	1
1791055948	0	1
1791055958	0	1
1791055968	0	1
1791055978	0	1
1791055988	0	1
1791055998	0	1
1791056008	0	1
1791056018	0	1
1791056028	0	1
1791056039	0	1
1791056049	0	1
1791056059	0	1
1791056069	0	1
1791056079	0	1
1791056089	0	1
1791056099	0	1
1791056109	0	1
1791056119	0	1
1791056129	0	1
1791056139	0	1
1791056149	0	1
1791056159	0	1
1791056169	0	1
1791056179	0	1
1791056189	0	1
1791056199	0	1
1791056210	0	1
1791056220	0	1
1791056230	0	1
1791056240	0	1
1791056250	0	1
1791056260	0	1
1791056270	0	1
1791056280	0	1
1791056290	0	1
1791056300	0	1
1791056310	0	1
1791056320	0	1
1791056330	0	1
1791056340	0	1
1791056351	0	1
1791056361	0	1
1791056371	0	1
1791056381	0	1
1791056391	0	1
1791056401	0	1
1791056411	0	1
1791056421	0	1
1791056431	0	1
1791056441	0	1
1791056451	0	1
1791056461	0	1
1791056471	0	1
1791056481	0	1
1791056492	0	1
1791056502	0	1
1791056512	0	1
1791056522	0	1
1791056532	0	1
1791056542	0	1
1791056552	0	1
1791056562	0	1
1791056572	0	1
1791056582	0	1
1791056592	0	1
1791056602	0	1
1791056612	0	1
1791056622	0	1
1791056633	0	1
1791056643	0	1
1791056653	0	1
1791056663	0	1
1791056673	0	1
1791056683	0	1
1791056693	0	1
1791056703	0	1
1791056713	0	1
1791056723	0	1
1791056733	0	1
1791056743	0	1
1791056753	0	1
1791056763	0	1
1791056773	0	1
1791056784	0	1
1791056794	0	1
1791056804	0	1
1791056814	0	1
1791056824	0	1
1791056834	0	1
1791056844	0	1
1791056854	0	1
1791056864	0	1
1791056874	0	1
1791056884	0	1
1791056894	0	1
1791056904	0	1
1791056914	0	1
1791056924	0	1
1791056934	0	1
1791056945	0	1
1791056955	0	1
1791056965	0	1
1791056975	0	1
1791056985	0	1
1791056995	0	1
1791057005	0	1
1791057015	0	1
1791057025	0	1
1791057035	0	1
1791057045	0	1
1791057055	0	1
1791057065	0	1
1791057075	0	1
1791057085	0	1
1791057096	0	1
1791057106	0	1
1791057116	0	1
1791057126	0	1
1791057136	0	1
1791057146	0	1
1791057156	0	1
1791057166	0	1
1791057176	0	1
1791057186	0	1
1791057196	0	1
1791057206	0	1
1791057216	0	1
1791057226	0	1
1791057236	0	1
1791057246	0	1
1791057256	0	1
1791057267	0	1
1791057277	0	1
1791057287	0	1
1791057297	0	1
1791057307	0	1
1791057317	0	1
1791057327	0	1
1791057337	0	1
1791057347	0	1
1791057357	0	1
1791057367	0	1
1791057377	0	1
1791057387	0	1
1791057397	0	1
1791057407	0	1
1791057417	0	1
1791057427	0	1
1791057438	0	1
1791057448	0	1
1791057458	0	1
1791057468	0	1
1791057478	0	1
1791057488	0	1
1791057498	0	1
1791057508	0	1
1791057518	0	1
1791057528	0	1
1791057538	0	1
1791057548	0	1
1791057558	0	1
1791057568	0	1
1791057579	0	1
1791057589	0	1
1791057599	0	1
1791057609	0	1
1791057619	0	1
1791057629	0	1
1791057639	0	1
1791057649	0	1
1791057659	0	1
1791057669	0	1
1791057679	0	1
1791057689	0	1
1791057699	0	1
1791057709	0	1
1791057720	0	1
1791057730	0	1
1791057740	0	1
1791057750	0	1
1791057760	0	1
1791057770	0	1
1791057780	0	1
1791057790	0	1
1791057800	0	1
1791057810	0	1
1791057820	0	1
1791057830	0	1
1791057840	0	1
1791057850	0	1
1791057861	0	1
1791057871	0	1
1791057881	0	1
1791057891	0	1
1791057901	0	1
1791057911	0	1
1791057921	0	1
1791057931	0	1
1791057941	0	1
1791057951	0	1
1791057961	0	1
1791057971	0	1
1791057981	0	1
1791057991	0	1
1791058002	0	1
1791058012	0	1
1791058022	0	1
1791058032	0	1
1791058042	0	1
1791058052	0	1
1791058062	0	1
1791058072	0	1
1791058082	0	1
1791058092	0	1
1791058102	0	1
1791058112	0	1
1791058122	0	1
1791058132	0	1
1791058142	0	1
1791058153	0	1
1791058163	0	1
1791058173	0	1
1791058183	0	1
1791058193	0	1
1791058203	0	1
1791058213	0	1
1791058223	0	1
1791058233	0	1
1791058243	0	1
1791058253	0	1
1791058263	0	1
1791058273	0	1
1791058283	0	1
1791058293	0	1
1791058303	0	1
1791058314	0	1
1791058324	0	1
1791058334	0	1
1791058344	0	1
1791058354	0	1
1791058364	0	1
1791058374	0	1
1791058384	0	1
1791058394	0	1
1791058404	0	1
1791058414	0	1
1791058424	0	1
1791058434	0	1
1791058444	0	1
1791058454	0	1
1791058465	0	1
1791058475	0	1
1791058485	0	1
1791058495	0	1
1791058505	0	1
1791058515	0	1
1791058525	0	1
1791058535	0	1
1791058545	0	1
1791058555	0	1
1791058565	0	1
1791058575	0	1
1791058585	0	1
1791058595	0	1
1791058605	0	1
1791058615	0	1
1791058626	0	1
1791058636	0	1
1791058646	0	1
1791058656	0	1
1791058666	0	1
1791058676	0	1
1791058686	0	1
1791058696	0	1
1791058706	0	1
1791058716	0	1
1791058726	0	1
1791058736	0	1
1791058746	0	1
1791058756	0	1
1791058766	0	1
1791058777	0	1
1791058787	0	1
1791058797	0	1
1791058807	0	1
1791058817	0	1
1791058827	0	1
1791058837	0	1
1791058847	0	1
1791058857	0	1
1791058867	0	1
1791058877	0	1
1791058887	0	1
1791058897	0	1
1791058908	0	1
1791058918	0	1
1791058928	0	1
1791058938	0	1
1791058948	0	1
1791058958	0	1
1791058968	0	1
1791058978	0	1
1791058988	0	1
1791058998	0	1
1791059008	0	1
1791059018	0	1
1791059028	0	1
1791059038	0	1
1791059049	0	1
1791059059	0	1
1791059069	0	1
1791059079	0	1
1791059089	0	1
1791059099	0	1
1791059109	0	1
1791059119	0	1
1791059129	0	1
1791059139	0	1
1791059149	0	1
1791059159	0	1
1791059169	0	1
1791059180	0	1
1791059190	0	1
1791059200	0	1
1791059210	0	1
1791059220	0	1
1791059230	0	1
1791059240	0	1
1791059250	0	1
1791059260	0	1
1791059270	0	1
1791059280	0	1
1791059290	0	1
1791059300	0	1
1791059310	0	1
1791059320	0	1
1791059331	0	1
1791059341	0	1
1791059351	0	1
1791059361	0	1
1791059371	0	1
1791059381	0	1
1791059391	0	1
1791059401	0	1
1791059411	0	1
1791059421	0	1
1791059431	0	1
1791059441	0	1
1791059451	0	1
1791059461	0	1
1791059472	0	1
1791059482	0	1
1791059492	0	1
1791059502	0	1
1791059512	0	1
1791059522	0	1
1791059532	0	1
1791059542	0	1
1791059552	0	1
1791059562	0	1
1791059572	0	1
1791059582	0	1
1791059592	0	1
1791059602	0	1
1791059613	0	1
1791059623	0	1
1791059633	0	1
1791059643	0	1
1791059653	0	1
1791059663	0	1
1791059673	0	1
1791059683	0	1
1791059693	0	1
1791059703	0	1
1791059713	0	1
1791059723	0	1
1791059733	0	1
1791059743	0	1
1791059754	0	1
1791059764	0	1
1791059774	0	1
1791059784	0	1
1791059794	0	1
1791059804	0	1
1791059814	0	1
1791059824	0	1
1791059834	0	1
1791059844	0	1
1791059854	0	1
1791059864	0	1
1791059874	0	1
1791059884	0	1
1791059895	0	1
1791059905	0	1
1791059915	0	1
1791059925	0	1
1791059935	0	1
1791059945	0	1
1791059955	0	1
1791059965	0	1
1791059975	0	1
1791059985	0	1
1791059995	0	1
1791060005	0	1
1791060015	0	1
1791060025	0	1
1791060036	0	1
1791060046	0	1
1791060056	0	1
1791060066	0	1
1791060076	0	1
1791060086	0	1
1791060096	0	1
1791060106	0	1
1791060116	0	1
1791060126	0	1
1791060136	0	1
1791060146	0	1
1791060156	0	1
1791060166	0	1
1791060176	0	1
1791060187	0	1
1791060197	0	1
1791060207	0	1
1791060217	0	1
1791060227	0	1
1791060237	0	1
1791060247	0	1
1791060257	0	1
1791060267	0	1
1791060277	0	1
1791060287	0	1
1791060297	0	1
1791060307	0	1
1791060317	0	1
1791060328	0	1
1791060338	0	1
1791060348	0	1
1791060358	0	1
1791060368	0	1
1791060378	0	1
1791060388	0	1
1791060398	0	1
1791060408	0	1
1791060418	0	1
1791060428	0	1
1791060438	0	1
1791060448	0	1
1791060458	0	1
1791060469	0	1
1791060479	0	1
1791060489	0	1
1791060499	0	1
1791060509	0	1
1791060519	0	1
1791060529	0	1
1791060539	0	1
1791060549	0	1
1791060559	0	1
1791060569	0	1
1791060579	0	1
1791060589	0	1
1791060599	0	1
1791060609	0	1
1791060620	0	1
1791060630	0	1
1791060640	0	1
1791060650	0	1
1791060660	0	1
1791060670	0	1
1791060680	0	1
1791060690	0	1
1791060700	0	1
1791060710	0	1
1791060720	0	1
1791060730	0	1
1791060740	0	1
1791060751	0	1
1791060761	0	1
1791060771	0	1
1791060781	0	1
1791060791	0	1
1791060801	0	1
1791060811	0	1
1791060821	0	1
1791060831	0	1
1791060841	0	1
1791060851	0	1
1791060861	0	1
1791060871	0	1
1791060881	0	1
1791060892	0	1
1791060902	0	1
1791060912	0	1
1791060922	0	1
1791060932	0	1
1791060942	0	1
1791060952	0	1
1791060962	0	1
1791060972	0	1
1791060982	0	1
1791060992	0	1
1791061002	0	1
1791061012	0	1
1791061022	0	1
1791061033	0	1
1791061043	0	1
1791061053	0	1
1791061063	0	1
1791061073	0	1
1791061083	0	1
1791061093	0	1
1791061103	0	1
1791061113	0	1
1791061123	0	1
1791061133	0	1
1791061143	0	1
1791061153	0	1
1791061163	0	1
1791061173	0	1
1791061184	0	1
1791061194	0	1
1791061204	0	1
1791061214	0	1
1791061224	0	1
1791061234	0	1
1791061244	0	1
1791061254	0	1
1791061264	0	1
1791061274	0	1
1791061284	0	1
1791061294	0	1
1791061304	0	1
1791061314	0	1
1791061325	0	1
1791061335	0	1
1791061345	0	1
1791061355	0	1
1791061365	0	1
1791061375	0	1
1791061385	0	1
1791061395	0	1
1791061405	0	1
1791061415	0	1
1791061425	0	1
1791061435	0	1
1791061445	0	1
1791061455	0	1
1791061466	0	1
1791061476	0	1
1791061486	0	1
1791061496	0	1
1791061506	0	1
1791061516	0	1
1791061526	0	1
1791061536	0	1
1791061546	0	1
1791061556	0	1
1791061566	0	1
1791061576	0	1
1791061586	0	1
1791061596	0	1
1791061607	0	1
1791061617	0	1
1791061627	0	1
1791061637	0	1
1791061647	0	1
1791061657	0	1
1791061667	0	1
1791061677	0	1
1791061687	0	1
1791061697	0	1
1791061707	0	1
1791061717	0	1
1791061727	0	1
1791061737	0	1
1791061748	0	1
1791061758	0	1
1791061768	0	1
1791061778	0	1
1791061788	0	1
1791061798	0	1
1791061808	0	1
1791061818	0	1
1791061828	0	1
1791061838	0	1
1791061848	0	1
1791061858	0	1
1791061868	0	1
1791061878	0	1
1791061889	0	1
1791061899	0	1
1791061909	0	1
1791061919	0	1
1791061929	0	1
1791061939	0	1
1791061949	0	1
1791061959	0	1
1791061969	0	1
1791061979	0	1
1791061989	0	1
1791061999	0	1
1791062009	0	1
1791062019	0	1
1791062029	0	1
1791062040	0	1
1791062050	0	1
1791062060	0	1
1791062070	0	1
1791062080	0	1
1791062090	0	1
1791062100	0	1
1791062110	0	1
1791062120	0	1
1791062130	0	1
1791062140	0	1
1791062150	0	1
1791062160	0	1
1791062170	0	1
1791062181	0	1
1791062191	0	1
1791062201	0	1
1791062211	0	1
1791062221	0	1
1791062231	0	1
1791062241	0	1
1791062251	0	1
1791062261	0	1
1791062271	0	1
1791062281	0	1
1791062291	0	1
1791062301	0	1
1791062311	0	1
1791062322	0	1
1791062332	0	1
1791062342	0	1
1791062352	0	1
1791062362	0	1
1791062372	0	1
1791062382	0	1
1791062392	0	1
1791062402	0	1
1791062412	0	1
1791062422	0	1
1791062432	0	1
1791062442	0	1
1791062452	0	1
1791062463	0	1
1791062473	0	1
1791062483	0	1
1791062493	0	1
1791062503	0	1
1791062513	0	1
1791062523	0	1
1791062533	0	1
1791062543	0	1
1791062553	0	1
1791062563	0	1
1791062573	0	1
1791062583	0	1
1791062593	0	1
1791062604	0	1
1791062614	0	1
1791062624	0	1
1791062634	0	1
1791062644	0	1
1791062654	0	1
1791062664	0	1
1791062674	0	1
1791062684	0	1
1791062694	0	1
1791062704	0	1
1791062714	0	1
1791062724	0	1
1791062734	0	1
1791062745	0	1
1791062755	0	1
1791062765	0	1
1791062775	0	1
1791062785	0	1
1791062795	0	1
1791062805	0	1
1791062815	0	1
1791062825	0	1
1791062835	0	1
1791062845	0	1
1791062855	0	1
1791062865	0	1
1791062875	0	1
1791062885	0	1
1791062896	0	1
1791062906	0	1
1791062916	0	1
1791062926	0	1
1791062936	0	1
1791062946	0	1
1791062956	0	1
1791062966	0	1
1791062976	0	1
1791062986	0	1
1791062996	0	1
1791063006	0	1
1791063016	0	1
1791063026	0	1
1791063037	0	1
1791063047	0	1
1791063057	0	1
1791063067	0	1
1791063077	0	1
1791063087	0	1
1791063097	0	1
1791063107	0	1
1791063117	0	1
1791063127	0	1
1791063137	0	1
1791063147	0	1
1791063157	0	1
1791063167	0	1
1791063177	0	1
1791063188	0	1
1791063198	0	1
1791063208	0	1
1791063218	0	1
1791063228	0	1
1791063238	0	1
1791063248	0	1
1791063258	0	1
1791063268	0	1
1791063278	0	1
1791063288	0	1
1791063298	0	1
1791063308	0	1
1791063318	0	1
1791063329	0	1
1791063339	0	1
1791063349	0	1
1791063359	0	1
1791063369	0	1
1791063379	0	1
1791063389	0	1
1791063399	0	1
1791063409	0	1
1791063419	0	1
1791063429	0	1
1791063439	0	1
1791063449	0	1
1791063459	0	1
1791063470	0	1
1791063480	0	1
1791063490	0	1
1791063500	0	1
1791063510	0	1
1791063520	0	1
1791063530	0	1
1791063540	0	1
1791063550	0	1
1791063560	0	1
1791063570	0	1
1791063580	0	1
1791063590	0	1
1791063600	0	1
1791063611	0	1
1791063621	0	1
1791063631	0	1
1791063641	0	1
1791063651	0	1
1791063661	0	1
1791063671	0	1
1791063681	0	1
1791063691	0	1
1791063701	0	1
1791063711	0	1
1791063721	0	1
1791063731	0	1
1791063741	0	1
1791063751	0	1
1791063762	0	1
1791063772	0	1
1791063782	0	1
1791063792	0	1
1791063802	0	1
1791063812	0	1
1791063822	0	1
1791063832	0	1
1791063842	0	1
1791063852	0	1
1791063862	0	1
1791063872	0	1
1791063882	0	1
1791063892	0	1
1791063903	0	1
1791063913	0	1
1791063923	0	1
1791063933	0	1
1791063943	0	1
1791063953	0	1
1791063963	0	1
1791063973	0	1
1791063983	0	1
1791063993	0	1
1791064003	0	1
1791064013	0	1
1791064023	0	1
1791064033	0	1
1791064044	0	1
1791064054	0	1
1791064064	0	1
1791064074	0	1
1791064084	0	1
1791064094	0	1
1791064104	0	1
1791064114	0	1
1791064124	0	1
1791064134	0	1
1791064144	0	1
1791064154	0	1
1791064164	0	1
1791064174	0	1
1791064185	0	1
1791064195	0	1
1791064205	0	1
1791064215	0	1
1791064225	0	1
1791064235	0	1
1791064245	0	1
1791064255	0	1
1791064265	0	1
1791064275	0	1
1791064285	0	1
1791064295	0	1
1791064305	0	1
1791064315	0	1
1791064326	0	1
1791064336	0	1
1791064346	0	1
1791064356	0	1
1791064366	0	1
1791064376	0	1
1791064386	0	1
1791064396	0	1
1791064406	0	1
1791064416	0	1
1791064426	0	1
1791064436	0	1
1791064446	0	1
1791064456	0	1
1791064467	0	1
1791064477	0	1
1791064487	0	1
1791064497	0	1
1791064507	0	1
1791064517	0	1
1791064527	0	1
1791064537	0	1
1791064547	0	1
1791064557	0	1
1791064567	0	1
1791064577	0	1
1791064587	0	1
1791064597	0	1
1791064607	0	1
1791064618	0	1
1791064628	0	1
1791064638	0	1
1791064648	0	1
1791064658	0	1
1791064668	0	1
1791064678	0	1
1791064688	0	1
1791064698	0	1
1791064708	0	1
1791064718	0	1
1791064728	0	1
1791064738	0	1
1791064748	0	1
1791064759	0	1
1791064769	0	1
1791064779	0	1
1791064789	0	1
1791064799	0	1
1791064809	0	1
1791064819	0	1
1791064829	0	1
1791064839	0	1
1791064849	0	1
1791064859	0	1
1791064869	0	1
1791064879	0	1
1791064889	0	1
1791064900	0	1
1791064910	0	1
1791064920	0	1
1791064930	0	1
1791064940	0	1
1791064950	0	1
1791064960	0	1
1791064970	0	1
1791064980	0	1
1791064990	0	1
1791065000	0	1
1791065010	0	1
1791065020	0	1
1791065030	0	1
1791065041	0	1
1791065051	0	1
1791065061	0	1
1791065071	0	1
1791065081	0	1
1791065091	0	1
1791065101	0	1
1791065111	0	1
1791065121	0	1
1791065131	0	1
1791065141	0	1
1791065151	0	1
1791065161	0	1
1791065171	0	1
1791065182	0	1
1791065192	0	1
1791065202	0	1
1791065212	0	1
1791065222	0	1
1791065232	0	1
1791065242	0	1
1791065252	0	1
1791065262	0	1
1791065272	0	1
1791065282	0	1
1791065292	0	1
1791065302	0	1
1791065312	0	1
1791065323	0	1
1791065333	0	1
1791065343	0	1
1791065353	0	1
1791065363	0	1
1791065373	0	1
1791065383	0	1
1791065393	0	1
1791065403	0	1
1791065413	0	1
1791065423	0	1
1791065433	0	1
1791065443	0	1
1791065453	0	1
1791065464	0	1
1791065474	0	1
1791065484	0	1
1791065494	0	1
1791065504	0	1
1791065514	0	1
1791065524	0	1
1791065534	0	1
1791065544	0	1
1791065554	0	1
1791065564	0	1
1791065574	0	1
1791065584	0	1
1791065594	0	1
1791065605	0	1
1791065615	0	1
1791065625	0	1
1791065635	0	1
1791065645	0	1
1791065655	0	1
1791065665	0	1
1791065675	0	1
1791065685	0	1
1791065695	0	1
1791065705	0	1
1791065715	0	1
1791065725	0	1
1791065735	0	1
1791065745	0	1
1791065756	0	1
1791065766	0	1
1791065776	0	1
1791065786	0	1
1791065796	0	1
1791065806	0	1
1791065816	0	1
1791065826	0	1
1791065836	0	1
1791065846	0	1
1791065856	0	1
1791065866	0	1
1791065876	0	1
1791065886	0	1
1791065897	0	1
1791065907	0	1
1791065917	0	1
1791065927	0	1
1791065937	0	1
1791065947	0	1
1791065957	0	1
1791065967	0	1
1791065977	0	1
1791065987	0	1
1791065997	0	1
1791066007	0	1
1791066017	0	1
1791066027	0	1
1791066038	0	1
1791066048	0	1
1791066058	0	1
1791066068	0	1
1791066078	0	1
1791066088	0	1
1791066098	0	1
1791066108	0	1
1791066118	0	1
1791066128	0	1
1791066138	0	1
1791066148	0	1
1791066158	0	1
1791066168	0	1
1791066179	0	1
1791066189	0	1
1791066199	0	1
1791066209	0	1
1791066219	0	1
1791066229	0	1
1791066239	0	1
1791066249	0	1
1791066259	0	1
1791066269	0	1
1791066279	0	1
1791066289	0	1
1791066299	0	1
1791066310	0	1
1791066320	0	1
1791066330	0	1
1791066340	0	1
1791066350	0	1
1791066360	0	1
1791066370	0	1
1791066380	0	1
1791066390	0	1
1791066400	0	1
1791066410	0	1
1791066420	0	1
1791066430	0	1
1791066440	0	1
1791066451	0	1
1791066461	0	1
1791066471	0	1
1791066481	0	1
1791066491	0	1
1791066501	0	1
1791066511	0	1
1791066521	0	1
1791066531	0	1
1791066541	0	1
1791066551	0	1
1791066561	0	1
1791066571	0	1
1791066581	0	1
1791066592	0	1
1791066602	0	1
1791066612	0	1
1791066622	0	1
1791066632	0	1
1791066642	0	1
1791066652	0	1
1791066662	0	1
1791066672	0	1
1791066682	0	1
1791066692	0	1
1791066702	0	1
1791066712	0	1
1791066722	0	1
1791066733	0	1
1791066743	0	1
1791066753	0	1
1791066763	0	1
1791066773	0	1
1791066783	0	1
1791066793	0	1
1791066803	0	1
1791066813	0	1
1791066823	0	1
1791066833	0	1
1791066843	0	1
1791066853	0	1
1791066863	0	1
1791066874	0	1
1791066884	0	1
1791066894	0	1
1791066904	0	1
1791066914	0	1
1791066924	0	1
1791066934	0	1
1791066944	0	1
1791066954	0	1
1791066964	0	1
1791066974	0	1
1791066984	0	1
1791066994	0	1
1791067004	0	1
1791067014	0	1
1791067025	0	1
1791067035	0	1
1791067045	0	1
1791067055	0	1
1791067065	0	1
1791067075	0	1
1791067085	0	1
1791067095	0	1
1791067105	0	1
1791067115	0	1
1791067125	0	1
1791067135	0	1
1791067145	0	1
1791067155	0	1
1791067166	0	1
1791067176	0	1
1791067186	0	1
1791067196	0	1
1791067206	0	1
1791067216	0	1
1791067226	0	1
1791067236	0	1
1791067246	0	1
1791067256	0	1
1791067266	0	1
1791067276	0	1
1791067286	0	1
1791067296	0	1
1791067307	0	1
1791067317	0	1
1791067327	0	1
1791067337	0	1
1791067347	0	1
1791067357	0	1
1791067367	0	1
1791067377	0	1
1791067387	0	1
1791067397	0	1
1791067407	0	1
1791067417	0	1
1791067427	0	1
1791067437	0	1
1791067448	0	1
1791067458	0	1
1791067468	0	1
1791067478	0	1
1791067488	0	1
1791067498	0	1
1791067508	0	1
1791067518	0	1
1791067528	0	1
1791067538	0	1
1791067548	0	1
1791067558	0	1
1791067568	0	1
1791067578	0	1
1791067589	0	1
1791067599	0	1
1791067609	0	1
1791067619	0	1
1791067629	0	1
1791067639	0	1
1791067649	0	1
1791067659	0	1
1791067669	0	1
1791067679	0	1
1791067689	0	1
1791067699	0	1
1791067709	0	1
1791067719	0	1
1791067730	0	1
1791067740	0	1
1791067750	0	1
1791067760	0	1
1791067770	0	1
1791067780	0	1
1791067790	0	1
1791067800	0	1
1791067810	0	1
1791067820	0	1
1791067830	0	1
1791067840	0	1
1791067850	0	1
1791067860	0	1
1791067871	0	1
1791067881	0	1
1791067891	0	1
1791067901	0	1
1791067911	0	1
1791067921	0	1
1791067931	0	1
1791067941	0	1
1791067951	0	1
1791067961	0	1
1791067971	0	1
1791067981	0	1
1791067991	0	1
1791068001	0	1
1791068012	0	1
1791068022	0	1
1791068032	0	1
1791068042	0	1
1791068052	0	1
1791068062	0	1
1791068072	0	1
1791068082	0	1
1791068092	0	1
1791068102	0	1
1791068112	0	1
1791068122	0	1
1791068132	0	1
1791068142	0	1
1791068153	0	1
1791068163	0	1
1791068173	0	1
1791068183	0	1
1791068193	0	1
1791068203	0	1
1791068213	0	1
1791068223	0	1
1791068233	0	1
1791068243	0	1
1791068253	0	1
1791068263	0	1
1791068273	0	1
1791068283	0	1
1791068294	0	1
1791068304	0	1
1791068314	0	1
1791068324	0	1
1791068334	0	1
1791068344	0	1
1791068354	0	1
1791068364	0	1
1791068374	0	1
1791068384	0	1
1791068394	0	1
1791068404	0	1
1791068414	0	1
1791068424	0	1
1791068435	0	1
1791068445	0	1
1791068455	0	1
1791068465	0	1
1791068475	0	1
1791068485	0	1
1791068495	0	1
1791068505	0	1
1791068515	0	1
1791068525	0	1
1791068535	0	1
1791068545	0	1
1791068555	0	1
1791068565	0	1
1791068575	0	1
1791068586	0	1
1791068596	0	1
1791068606	0	1
1791068616	0	1
1791068626	0	1
1791068636	0	1
1791068646	0	1
1791068656	0	1
1791068666	0	1
1791068676	0	1
1791068686	0	1
1791068696	0	1
1791068706	0	1
1791068716	0	1
1791068727	0	1
1791068737	0	1
1791068747	0	1
1791068757	0	1
1791068767	0	1
1791068777	0	1
1791068787	0	1
1791068797	0	1
1791068807	0	1
1791068817	0	1
1791068827	0	1
1791068837	0	1
1791068847	0	1
1791068857	0	1
1791068868	0	1
1791068878	0	1
1791068888	0	1
1791068898	0	1
1791068908	0	1
1791068918	0	1
1791068928	0	1
1791068938	0	1
1791068948	0	1
1791068958	0	1
1791068968	0	1
1791068978	0	1
1791068988	0	1
1791068998	0	1
1791069009	0	1
1791069019	0	1
1791069029	0	1
1791069039	0	1
1791069049	0	1
1791069059	0	1
1791069069	0	1
1791069079	0	1
1791069089	0	1
1791069099	0	1
1791069109	0	1
1791069119	0	1
1791069129	0	1
1791069140	0	1
1791069150	0	1
1791069160	0	1
1791069170	0	1
1791069180	0	1
1791069190	0	1
1791069200	0	1
1791069210	0	1
1791069220	0	1
1791069230	0	1
1791069240	0	1
1791069250	0	1
1791069260	0	1
1791069270	0	1
1791069281	0	1
1791069291	0	1
1791069301	0	1
1791069311	0	1
1791069321	0	1
1791069331	0	1
1791069341	0	1
1791069351	0	1
1791069361	0	1
1791069371	0	1
1791069381	0	1
1791069391	0	1
1791069401	0	1
1791069411	0	1
1791069421	0	1
1791069432	0	1
1791069442	0	1
1791069452	0	1
1791069462	0	1
1791069472	0	1
1791069482	0	1
1791069492	0	1
1791069502	0	1
1791069512	0	1
1791069522	0	1
1791069532	0	1
1791069542	0	1
1791069552	0	1
1791069562	0	1
1791069573	0	1
1791069583	0	1
1791069593	0	1
1791069603	0	1
1791069613	0	1
1791069623	0	1
1791069633	0	1
1791069643	0	1
1791069653	0	1
1791069663	0	1
1791069673	0	1
1791069683	0	1
1791069693	0	1
1791069703	0	1
1791069714	0	1
1791069724	0	1
1791069734	0	1
1791069744	0	1
1791069754	0	1
1791069764	0	1
1791069774	0	1
1791069784	0	1
1791069794	0	1
1791069804	0	1
1791069814	0	1
1791069824	0	1
1791069834	0	1
1791069844	0	1
1791069855	0	1
1791069865	0	1
1791069875	0	1
1791069885	0	1
1791069895	0	1
1791069905	0	1
1791069915	0	1
1791069925	0	1
1791069935	0	1
1791069945	0	1
1791069955	0	1
1791069965	0	1
1791069975	0	1
1791069985	0	1
1791069996	0	1
1791070006	0	1
1791070016	0	1
1791070026	0	1
1791070036	0	1
1791070046	0	1
1791070056	0	1
1791070066	0	1
1791070076	0	1
1791070086	0	1
1791070096	0	1
1791070106	0	1
1791070116	0	1
1791070126	0	1
1791070137	0	1
1791070147	0	1
1791070157	0	1
1791070167	0	1
1791070177	0	1
1791070187	0	1
1791070197	0	1
1791070207	0	1
1791070217	0	1
1791070227	0	1
1791070237	0	1
1791070247	0	1
1791070257	0	1
1791070267	0	1
1791070277	0	1
1791070288	0	1
1791070298	0	1
1791070308	0	1
1791070318	0	1
1791070328	0	1
1791070338	0	1
1791070348	0	1
1791070358	0	1
1791070368	0	1
1791070378	0	1
1791070388	0	1
1791070398	0	1
1791070408	0	1
1791070418	0	1
1791070429	0	1
1791070439	0	1
1791070449	0	1
1791070459	0	1
1791070469	0	1
1791070479	0	1
1791070489	0	1
1791070499	0	1
1791070509	0	1
1791070519	0	1
1791070529	0	1
1791070539	0	1
1791070549	0	1
1791070559	0	1
1791070570	0	1
1791070580	0	1
1791070590	0	1
1791070600	0	1
1791070610	0	1
1791070620	0	1
1791070630	0	1
1791070640	0	1
1791070650	0	1
1791070660	0	1
1791070670	0	1
1791070680	0	1
1791070690	0	1
1791070701	0	1
1791070711	0	1
1791070721	0	1
1791070731	0	1
1791070741	0	1
1791070751	0	1
1791070761	0	1
1791070771	0	1
1791070781	0	1
1791070791	0	1
1791070801	0	1
1791070811	0	1
1791070821	0	1
1791070831	0	1
1791070842	0	1
1791070852	0	1
1791070862	0	1
1791070872	0	1
1791070882	0	1
1791070892	0	1
1791070902	0	1
1791070912	0	1
1791070922	0	1
1791070932	0	1
1791070942	0	1
1791070952	0	1
1791070962	0	1
1791070972	0	1
1791070983	0	1
1791070993	0	1
1791071003	0	1
1791071013	0	1
1791071023	0	1
1791071033	0	1
1791071043	0	1
1791071053	0	1
1791071063	0	1
1791071073	0	1
1791071083	0	1
1791071093	0	1
1791071103	0	1
1791071113	0	1
1791071124	0	1
1791071134	0	1
1791071144	0	1
1791071154	0	1
1791071164	0	1
1791071174	0	1
1791071184	0	1
1791071194	0	1
1791071204	0	1
1791071214	0	1
1791071224	0	1
1791071234	0	1
1791071244	0	1
1791071254	0	1
1791071265	0	1
1791071275	0	1
1791071285	0	1
1791071295	0	1
1791071305	0	1
1791071315	0	1
1791071325	0	1
1791071335	0	1
1791071345	0	1
1791071355	0	1
1791071365	0	1
1791071375	0	1
1791071385	0	1
1791071395	0	1
1791071406	0	1
1791071416	0	1
1791071426	0	1
1791071436	0	1
1791071446	0	1
1791071456	0	1
1791071466	0	1
1791071476	0	1
1791071486	0	1
1791071496	0	1
1791071506	0	1
1791071516	0	1
1791071526	0	1
1791071536	0	1
1791071547	0	1
1791071557	0	1
1791071567	0	1
1791071577	0	1
1791071587	0	1
1791071597	0	1
1791071607	0	1
1791071617	0	1
1791071627	0	1
1791071637	0	1
1791071647	0	1
1791071657	0	1
1791071667	0	1
1791071677	0	1
1791071688	0	1
1791071698	0	1
1791071708	0	1
1791071718	0	1
1791071728	0	1
1791071738	0	1
1791071748	0	1
1791071758	0	1
1791071768	0	1
1791071778	0	1
1791071788	0	1
1791071798	0	1
1791071808	0	1
1791071818	0	1
1791071828	0	1
1791071839	0	1
1791071849	0	1
1791071859	0	1
1791071869	0	1
1791071879	0	1
1791071889	0	1
1791071899	0	1
1791071909	0	1
1791071919	0	1
1791071929	0	1
1791071939	0	1
1791071949	0	1
1791071959	0	1
1791071969	0	1
1791071980	0	1
1791071990	0	1
1791072000	0	1
1791072010	0	1
1791072020	0	1
1791072030	0	1
1791072040	0	1
1791072050	0	1
1791072060	0	1
1791072070	0	1
1791072080	0	1
1791072090	0	1
1791072100	0	1
1791072110	0	1
1791072121	0	1
1791072131	0	1
1791072141	0	1
1791072151	0	1
1791072161	0	1
1791072171	0	1
1791072181	0	1
1791072191	0	1
1791072201	0	1
1791072211	0	1
1791072221	0	1
1791072231	0	1
1791072241	0	1
1791072251	0	1
1791072262	0	1
1791072272	0	1
1791072282	0	1
1791072292	0	1
1791072302	0	1
1791072312	0	1
1791072322	0	1
1791072332	0	1
1791072342	0	1
1791072352	0	1
1791072362	0	1
1791072372	0	1
1791072382	0	1
1791072392	0	1
1791072403	0	1
1791072413	0	1
1791072423	0	1
1791072433	0	1
1791072443	0	1
1791072453	0	1
1791072463	0	1
1791072473	0	1
1791072483	0	1
1791072493	0	1
1791072503	0	1
1791072513	0	1
1791072523	0	1
1791072534	0	1
1791072544	0	1
1791072554	0	1
1791072564	0	1
1791072574	0	1
1791072584	0	1
1791072594	0	1
1791072604	0	1
1791072614	0	1
1791072624	0	1
1791072634	0	1
1791072644	0	1
1791072654	0	1
1791072664	0	1
1791072674	0	1
1791072685	0	1
1791072695	0	1
1791072705	0	1
1791072715	0	1
1791072725	0	1
1791072735	0	1
1791072745	0	1
1791072755	0	1
1791072765	0	1
1791072775	0	1
1791072785	0	1
1791072795	0	1
1791072805	0	1
1791072815	0	1
1791072826	0	1
1791072836	0	1
1791072846	0	1
1791072856	0	1
1791072866	0	1
1791072876	0	1
1791072886	0	1
1791072896	0	1
1791072906	0	1
1791072916	0	1
1791072926	0	1
1791072936	0	1
1791072946	0	1
1791072956	0	1
1791072967	0	1
1791072977	0	1
1791072987	0	1
1791072997	0	1
1791073007	0	1
1791073017	0	1
1791073027	0	1
1791073037	0	1
1791073047	0	1
1791073057	0	1
1791073067	0	1
1791073077	0	1
1791073087	0	1
1791073097	0	1
1791073108	0	1
1791073118	0	1
1791073128	0	1
1791073138	0	1
1791073148	0	1
1791073158	0	1
1791073168	0	1
1791073178	0	1
1791073188	0	1
1791073198	0	1
1791073208	0	1
1791073218	0	1
1791073228	0	1
1791073238	0	1
1791073249	0	1
1791073259	0	1
1791073269	0	1
1791073279	0	1
1791073289	0	1
1791073299	0	1
1791073309	0	1
1791073319	0	1
1791073329	0	1
1791073339	0	1
1791073349	0	1
1791073359	0	1
1791073369	0	1
1791073379	0	1
1791073390	0	1
1791073400	0	1
1791073410	0	1
1791073420	0	1
1791073430	0	1
1791073440	0	1
1791073450	0	1
1791073460	0	1
1791073470	0	1
1791073480	0	1
1791073490	0	1
1791073500	0	1
1791073510	0	1
1791073520	0	1
1791073531	0	1
1791073541	0	1
1791073551	0	1
1791073561	0	1
1791073571	0	1
1791073581	0	1
1791073591	0	1
1791073601	0	1
1791073611	0	1
1791073621	0	1
1791073631	0	1
1791073641	0	1
1791073651	0	1
1791073661	0	1
1791073672	0	1
1791073682	0	1
1791073692	0	1
1791073702	0	1
1791073712	0	1
1791073722	0	1
1791073732	0	1
1791073742	0	1
1791073752	0	1
1791073762	0	1
1791073772	0	1
1791073782	0	1
1791073792	0	1
1791073802	0	1
1791073813	0	1
1791073823	0	1
1791073833	0	1
1791073843	0	1
1791073853	0	1
1791073863	0	1
1791073873	0	1
1791073883	0	1
1791073893	0	1
1791073903	0	1
1791073913	0	1
1791073923	0	1
1791073933	0	1
1791073943	0	1
1791073954	0	1
1791073964	0	1
1791073974	0	1
1791073984	0	1
1791073994	0	1
1791074004	0	1
1791074014	0	1
1791074024	0	1
1791074034	0	1
1791074044	0	1
1791074054	0	1
1791074064	0	1
1791074074	0	1
1791074084	0	1
1791074095	0	1
1791074105	0	1
1791074115	0	1
1791074125	0	1
1791074135	0	1
1791074145	0	1
1791074155	0	1
1791074165	0	1
1791074175	0	1
1791074185	0	1
1791074195	0	1
1791074205	0	1
1791074215	0	1
1791074225	0	1
1791074236	0	1
1791074246	0	1
1791074256	0	1
1791074266	0	1
1791074276	0	1
1791074286	0	1
1791074296	0	1
1791074306	0	1
1791074316	0	1
1791074326	0	1
1791074336	0	1
1791074346	0	1
1791074356	0	1
1791074366	0	1
1791074377	0	1
1791074387	0	1
1791074397	0	1
1791074407	0	1
1791074417	0	1
1791074427	0	1
1791074437	0	1
1791074447	0	1
1791074457	0	1
1791074467	0	1
1791074477	0	1
1791074487	0	1
1791074497	0	1
1791074507	0	1
1791074518	0	1
1791074528	0	1
1791074538	0	1
1791074548	0	1
1791074558	0	1
1791074568	0	1
1791074578	0	1
1791074588	0	1
1791074598	0	1
1791074608	0	1
1791074618	0	1
1791074628	0	1
1791074638	0	1
1791074648	0	1
1791074659	0	1
1791074669	0	1
1791074679	0	1
1791074689	0	1
1791074699	0	1
1791074709	0	1
1791074719	0	1
1791074729	0	1
1791074739	0	1
1791074749	0	1
1791074759	0	1
1791074769	0	1
1791074779	0	1
1791074789	0	1
1791074800	0	1
1791074810	0	1
1791074820	0	1
1791074830	0	1
1791074840	0	1
1791074850	0	1
1791074860	0	1
1791074870	0	1
1791074880	0	1
1791074890	0	1
1791074900	0	1
1791074910	0	1
1791074920	0	1
1791074930	0	1
1791074941	0	1
1791074951	0	1
1791074961	0	1
1791074971	0	1
1791074981	0	1
1791074991	0	1
1791075001	0	1
1791075011	0	1
1791075021	0	1
1791075031	0	1
1791075041	0	1
1791075051	0	1
1791075061	0	1
1791075071	0	1
1791075082	0	1
1791075092	0	1
1791075102	0	1
1791075112	0	1
1791075122	0	1
1791075132	0	1
1791075142	0	1
1791075152	0	1
1791075162	0	1
1791075172	0	1
1791075182	0	1
1791075192	0	1
1791075202	0	1
1791075212	0	1
1791075223	0	1
1791075233	0	1
1791075243	0	1
1791075253	0	1
1791075263	0	1
1791075273	0	1
1791075283	0	1
1791075293	0	1
1791075303	0	1
1791075313	0	1
1791075323	0	1
1791075333	0	1
1791075343	0	1
1791075353	0	1
1791075364	0	1
1791075374	0	1
1791075384	0	1
1791075394	0	1
1791075404	0	1
1791075414	0	1
1791075424	0	1
1791075434	0	1
1791075444	0	1
1791075454	0	1
1791075464	0	1
1791075474	0	1
1791075484	0	1
1791075494	0	1
1791075505	0	1
1791075515	0	1
1791075525	0	1
1791075535	0	1
1791075545	0	1
1791075555	0	1
1791075565	0	1
1791075575	0	1
1791075585	0	1
1791075595	0	1
1791075605	0	1
1791075615	0	1
1791075625	0	1
1791075635	0	1
1791075646	0	1
1791075656	0	1
1791075666	0	1
1791075676	0	1
1791075686	0	1
1791075696	0	1
1791075706	0	1
1791075716	0	1
1791075726	0	1
1791075736	0	1
1791075746	0	1
1791075756	0	1
1791075766	0	1
1791075776	0	1
1791075787	0	1
1791075797	0	1
1791075807	0	1
1791075817	0	1
1791075827	0	1
1791075837	0	1
1791075847	0	1
1791075857	0	1
1791075867	0	1
1791075877	0	1
1791075887	0	1
1791075897	0	1
1791075907	0	1
1791075917	0	1
1791075928	0	1
1791075938	0	1
1791075948	0	1
1791075958	0	1
1791075968	0	1
1791075978	0	1
1791075988	0	1
1791075998	0	1
1791076008	0	1
1791076018	0	1
1791076028	0	1
1791076038	0	1
1791076048	0	1
1791076058	0	1
1791076069	0	1
1791076079	0	1
1791076089	0	1
1791076099	0	1
1791076109	0	1
1791076119	0	1
1791076129	0	1
1791076139	0	1
1791076149	0	1
1791076159	0	1
1791076169	0	1
1791076179	0	1
1791076189	0	1
1791076199	0	1
1791076210	0	1
1791076220	0	1
1791076230	0	1
1791076240	0	1
1791076250	0	1
1791076260	0	1
1791076270	0	1
1791076280	0	1
1791076290	0	1
1791076300	0	1
1791076310	0	1
1791076320	0	1
1791076330	0	1
1791076341	0	1
1791076351	0	1
1791076361	0	1
1791076371	0	1
1791076381	0	1
1791076391	0	1
1791076401	0	1
1791076411	0	1
1791076421	0	1
1791076431	0	1
1791076441	0	1
1791076451	0	1
1791076461	0	1
1791076471	0	1
1791076482	0	1
1791076492	0	1
1791076502	0	1
1791076512	0	1
1791076522	0	1
1791076532	0	1
1791076542	0	1
1791076552	0	1
1791076562	0	1
1791076572	0	1
1791076582	0	1
1791076592	0	1
1791076602	0	1
1791076612	0	1
1791076623	0	1
1791076633	0	1
1791076643	0	1
1791076653	0	1
1791076663	0	1
1791076673	0	1
1791076683	0	1
1791076693	0	1
1791076703	0	1
1791076713	0	1
1791076723	0	1
1791076733	0	1
1791076743	0	1
1791076753	0	1
1791076763	0	1
1791076774	0	1
1791076784	0	1
1791076794	0	1
1791076804	0	1
1791076814	0	1
1791076824	0	1
1791076834	0	1
1791076844	0	1
1791076854	0	1
1791076864	0	1
1791076874	0	1
1791076884	0	1
1791076894	0	1
1791076904	0	1
1791076915	0	1
1791076925	0	1
1791076935	0	1
1791076945	0	1
1791076955	0	1
1791076965	0	1
1791076975	0	1
1791076985	0	1
1791076995	0	1
1791077005	0	1
1791077015	0	1
1791077025	0	1
1791077035	0	1
1791077045	0	1
1791077056	0	1
1791077066	0	1
1791077076	0	1
1791077086	0	1
1791077096	0	1
1791077106	0	1
1791077116	0	1
1791077126	0	1
1791077136	0	1
1791077146	0	1
1791077156	0	1
1791077166	0	1
1791077176	0	1
1791077186	0	1
1791077197	0	1
1791077207	0	1
1791077217	0	1
1791077227	0	1
1791077237	0	1
1791077247	0	1
1791077257	0	1
1791077267	0	1
1791077277	0	1
1791077287	0	1
1791077297	0	1
1791077307	0	1
1791077317	0	1
1791077327	0	1
1791077338	0	1
1791077348	0	1
1791077358	0	1
1791077368	0	1
1791077378	0	1
1791077388	0	1
1791077398	0	1
1791077408	0	1
1791077418	0	1
1791077428	0	1
1791077438	0	1
1791077448	0	1
1791077458	0	1
1791077468	0	1
1791077479	0	1
1791077489	0	1
1791077499	0	1
1791077509	0	1
1791077519	0	1
1791077529	0	1
1791077539	0	1
1791077549	0	1
1791077559	0	1
1791077569	0	1
1791077579	0	1
1791077589	0	1
1791077599	0	1
1791077609	0	1
1791077620	0	1
1791077630	0	1
1791077640	0	1
1791077650	0	1
1791077660	0	1
1791077670	0	1
1791077680	0	1
1791077690	0	1
1791077700	0	1
1791077710	0	1
1791077720	0	1
1791077730	0	1
1791077740	0	1
1791077750	0	1
1791077761	0	1
1791077771	0	1
1791077781	0	1
1791077791	0	1
1791077801	0	1
1791077811	0	1
1791077821	0	1
1791077831	0	1
1791077841	0	1
1791077851	0	1
1791077861	0	1
1791077871	0	1
1791077881	0	1
1791077891	0	1
1791077902	0	1
1791077912	0	1
1791077922	0	1
1791077932	0	1
1791077942	0	1
1791077952	0	1
1791077962	0	1
1791077972	0	1
1791077982	0	1
1791077992	0	1
1791078002	0	1
1791078012	0	1
1791078022	0	1
1791078032	0	1
1791078043	0	1
1791078053	0	1
1791078063	0	1
1791078073	0	1
1791078083	0	1
1791078093	0	1
1791078103	0	1
1791078113	0	1
1791078123	0	1
1791078133	0	1
1791078143	0	1
1791078153	0	1
1791078163	0	1
1791078173	0	1
1791078184	0	1
1791078194	0	1
1791078204	0	1
1791078214	0	1
1791078224	0	1
1791078234	0	1
1791078244	0	1
1791078254	0	1
1791078264	0	1
1791078274	0	1
1791078284	0	1
1791078294	0	1
1791078304	0	1
1791078314	0	1
1791078324	0	1
1791078335	0	1
1791078345	0	1
1791078355	0	1
1791078365	0	1
1791078375	0	1
1791078385	0	1
1791078395	0	1
1791078405	0	1
1791078415	0	1
1791078425	0	1
1791078435	0	1
1791078445	0	1
1791078455	0	1
1791078465	0	1
1791078476	0	1
1791078486	0	1
1791078496	0	1
1791078506	0	1
1791078516	0	1
1791078526	0	1
1791078536	0	1
1791078546	0	1
1791078556	0	1
1791078566	0	1
1791078576	0	1
1791078586	0	1
1791078596	0	1
1791078606	0	1
1791078616	0	1
1791078627	0	1
1791078637	0	1
1791078647	0	1
1791078657	0	1
1791078667	0	1
1791078677	0	1
1791078687	0	1
1791078697	0	1
1791078707	0	1
1791078717	0	1
1791078727	0	1
1791078737	0	1
1791078747	0	1
1791078758	0	1
1791078768	0	1
1791078778	0	1
1791078788	0	1
1791078798	0	1
1791078808	0	1
1791078818	0	1
1791078828	0	1
1791078838	0	1
1791078848	0	1
1791078858	0	1
1791078868	0	1
1791078878	0	1
1791078888	0	1
1791078899	0	1
1791078909	0	1
1791078919	0	1
1791078929	0	1
1791078939	0	1
1791078949	0	1
1791078959	0	1
1791078969	0	1
1791078979	0	1
1791078989	0	1
1791078999	0	1
1791079009	0	1
1791079019	0	1
1791079029	0	1
1791079040	0	1
1791079050	0	1
1791079060	0	1
1791079070	0	1
1791079080	0	1
1791079090	0	1
1791079100	0	1
1791079110	0	1
1791079120	0	1
1791079130	0	1
1791079140	0	1
1791079150	0	1
1791079160	0	1
1791079170	0	1
1791079180	0	1
1791079191	0	1
1791079201	0	1
1791079211	0	1
1791079221	0	1
1791079231	0	1
1791079241	0	1
1791079251	0	1
1791079261	0	1
1791079271	0	1
1791079281	0	1
1791079291	0	1
1791079301	0	1
1791079311	0	1
1791079321	0	1
1791079332	0	1
1791079342	0	1
1791079352	0	1
1791079362	0	1
1791079372	0	1
1791079382	0	1
1791079392	0	1
1791079402	0	1
1791079412	0	1
1791079422	0	1
1791079432	0	1
1791079442	0	1
1791079452	0	1
1791079463	0	1
1791079473	0	1
1791079483	0	1
1791079493	0	1
1791079503	0	1
1791079513	0	1
1791079523	0	1
1791079533	0	1
1791079543	0	1
1791079553	0	1
1791079563	0	1
1791079573	0	1
1791079583	0	1
1791079593	0	1
1791079604	0	1
1791079614	0	1
1791079624	0	1
1791079634	0	1
1791079644	0	1
1791079654	0	1
1791079664	0	1
1791079674	0	1
1791079684	0	1
1791079694	0	1
1791079704	0	1
1791079714	0	1
1791079724	0	1
1791079734	0	1
1791079745	0	1
1791079755	0	1
1791079765	0	1
1791079775	0	1
1791079785	0	1
1791079795	0	1
1791079805	0	1
1791079815	0	1
1791079825	0	1
1791079835	0	1
1791079845	0	1
1791079855	0	1
1791079865	0	1
1791079875	0	1
1791079885	0	1
1791079896	0	1
1791079906	0	1
1791079916	0	1
1791079926	0	1
1791079936	0	1
1791079946	0	1
1791079956	0	1
1791079966	0	1
1791079976	0	1
1791079986	0	1
1791079996	0	1
1791080006	0	1
1791080016	0	1
1791080026	0	1
1791080037	0	1
1791080047	0	1
1791080057	0	1
1791080067	0	1
1791080077	0	1
1791080087	0	1
1791080097	0	1
1791080107	0	1
1791080117	0	1
1791080127	0	1
1791080137	0	1
1791080147	0	1
1791080157	0	1
1791080167	0	1
1791080178	0	1
1791080188	0	1
1791080198	0	1
1791080208	0	1
1791080218	0	1
1791080228	0	1
1791080238	0	1
1791080248	0	1
1791080258	0	1
1791080268	0	1
1791080278	0	1
1791080288	0	1
1791080298	0	1
1791080308	0	1
1791080319	0	1
1791080329	0	1
1791080339	0	1
1791080349	0	1
1791080359	0	1
1791080369	0	1
1791080379	0	1
1791080389	0	1
1791080399	0	1
1791080409	0	1
1791080419	0	1
1791080429	0	1
1791080439	0	1
1791080449	0	1
1791080460	0	1
1791080470	0	1
1791080480	0	1
1791080490	0	1
1791080500	0	1
1791080510	0	1
1791080520	0	1
1791080530	0	1
1791080540	0	1
1791080550	0	1
1791080560	0	1
1791080570	0	1
1791080580	0	1
1791080590	0	1
1791080601	0	1
1791080611	0	1
1791080621	0	1
1791080631	0	1
1791080641	0	1
1791080651	0	1
1791080661	0	1
1791080671	0	1
1791080681	0	1
1791080691	0	1
1791080701	0	1
1791080711	0	1
1791080721	0	1
1791080731	0	1
1791080742	0	1
1791080752	0	1
1791080762	0	1
1791080772	0	1
1791080782	0	1
1791080792	0	1
1791080802	0	1
1791080812	0	1
1791080822	0	1
1791080832	0	1
1791080842	0	1
1791080852	0	1
1791080862	0	1
1791080872	0	1
1791080883	0	1
1791080893	0	1
1791080903	0	1
1791080913	0	1
1791080923	0	1
1791080933	0	1
1791080943	0	1
1791080953	0	1
1791080963	0	1
1791080973	0	1
1791080983	0	1
1791080993	0	1
1791081003	0	1
1791081013	0	1
1791081024	0	1
1791081034	0	1
1791081044	0	1
1791081054	0	1
1791081064	0	1
1791081074	0	1
1791081084	0	1
1791081094	0	1
1791081104	0	1
1791081114	0	1
1791081124	0	1
1791081134	0	1
1791081144	0	1
1791081154	0	1
1791081165	0	1
1791081175	0	1
1791081185	0	1
1791081195	0	1
1791081205	0	1
1791081215	0	1
1791081225	0	1
1791081235	0	1
1791081245	0	1
1791081255	0	1
1791081265	0	1
1791081275	0	1
1791081285	0	1
1791081295	0	1
1791081306	0	1
1791081316	0	1
1791081326	0	1
1791081336	0	1
1791081346	0	1
1791081356	0	1
1791081366	0	1
1791081376	0	1
1791081386	0	1
1791081396	0	1
1791081406	0	1
1791081416	0	1
1791081426	0	1
1791081436	0	1
1791081447	0	1
1791081457	0	1
1791081467	0	1
1791081477	0	1
1791081487	0	1
1791081497	0	1
1791081507	0	1
1791081517	0	1
1791081527	0	1
1791081537	0	1
1791081547	0	1
1791081557	0	1
1791081567	0	1
1791081577	0	1
1791081587	0	1
1791081598	0	1
1791081608	0	1
1791081618	0	1
1791081628	0	1
1791081638	0	1
1791081648	0	1
1791081658	0	1
1791081668	0	1
1791081678	0	1
1791081688	0	1
1791081698	0	1
1791081708	0	1
1791081718	0	1
1791081729	0	1
1791081739	0	1
1791081749	0	1
1791081759	0	1
1791081769	0	1
1791081779	0	1
1791081789	0	1
1791081799	0	1
1791081809	0	1
1791081819	0	1
1791081829	0	1
1791081839	0	1
1791081849	0	1
1791081859	0	1
1791081869	0	1
1791081880	0	1
1791081890	0	1
1791081900	0	1
1791081910	0	1
1791081920	0	1
