1791030531	0
1791030541	0
1791030551	0
1791030561	0
1791030571	0
1791030581	0
1791030591	0
1791030601	0
1791030611	0
1791030621	0
1791030631	0
1791030641	0
1791030651	0
1791030661	0
1791030671	0
1791030681	0
1791030691	0
1791030702	0
1791030712	0
1791030722	0
1791030732	0
1791030742	0
1791030752	0
1791030762	0
1791030772	0
1791030782	0
1791030792	0
1791030802	0
1791030812	0
1791030822	0
1791030832	0
1791030842	0
1791030852	0
1791030862	0
1791030873	0
1791030883	0
1791030893	0
1791030903	0
1791030913	0
1791030923	0
1791030933	0
1791030943	0
1791030953	0
1791030963	0
1791030973	0
1791030983	0
1791030993	0
1791031003	0
1791031013	0
1791031023	0
1791031033	0
1791031043	0
1791031053	0
1791031063	0
1791031074	0
1791031084	0
1791031094	0
1791031104	0
1791031114	0
1791031124	0
1791031134	0
1791031144	0
1791031154	0
1791031164	0
1791031174	0
1791031184	0
1791031194	0
1791031204	0
1791031214	0
1791031224	0
1791031234	0
1791031244	0
1791031254	0
1791031264	0
1791031274	0
1791031284	0
1791031294	0
1791031304	0
1791031314	0
1791031324	0
1791031334	0
1791031345	0
1791031355	0
1791031365	0
1791031375	0
1791031385	0
1791031395	0
1791031405	0
1791031415	0
1791031425	0
1791031435	0
1791031445	0
1791031455	0
1791031465	0
1791031475	0
1791031485	0
1791031495	0
1791031505	0
1791031515	0
1791031525	0
1791031535	0
1791031545	0
1791031555	0
1791031565	0
1791031575	0
1791031585	0
1791031595	0
1791031605	0
1791031615	0
1791031626	0
1791031636	0
1791031646	0
1791031656	0
1791031666	0
1791031676	0
1791031686	0
1791031696	0
1791031706	0
1791031716	0
1791031726	0
1791031736	0
1791031746	0
1791031756	0
1791031766	0
1791031776	0
1791031786	0
1791031796	0
1791031806	0
1791031816	0
1791031826	0
1791031836	0
1791031847	0
1791031857	0
1791031867	0
1791031877	0
1791031887	0
1791031897	0
1791031907	0
1791031917	0
1791031927	0
1791031937	0
1791031947	0
1791031957	0
1791031967	0
1791031977	0
1791031987	0
1791031997	0
1791032007	0
1791032018	0
1791032028	0
1791032038	0
1791032048	0
1791032058	0
1791032068	0
1791032078	0
1791032088	0
1791032098	0
1791032108	0
1791032118	0
1791032128	0
1791032138	0
1791032148	0
1791032158	0
1791032168	0
1791032178	0
1791032188	0
1791032199	0
1791032209	0
1791032219	0
1791032229	0
1791032239	0
1791032249	0
1791032259	0
1791032269	0
1791032279	0
1791032289	0
1791032299	0
1791032309	0
1791032319	0
1791032329	0
1791032339	0
1791032349	0
1791032359	0
1791032369	0
1791032379	0
1791032389	0
1791032399	0
1791032409	0
1791032419	0
1791032429	0
1791032439	0
1791032450	0
1791032460	0
1791032470	0
1791032480	0
1791032490	0
1791032500	0
1791032510	0
1791032520	0
1791032530	0
1791032540	0
1791032550	0
1791032560	0
1791032570	0
1791032580	1
1791032590	1
1791032600	1
1791032610	1
1791032620	1
1791032630	1
1791032640	1
1791032650	1
1791032660	1
1791032670	1
1791032680	1
1791032690	1
1791032700	1
1791032710	1
1791032720	1
1791032730	1
1791032741	1
1791032751	1
1791032761	1
1791032771	1
1791032781	1
1791032791	1
1791032801	1
1791032811	1
1791032821	1
1791032831	1
1791032841	1
1791032851	1
1791032861	1
1791032871	1
1791032881	1
1791032891	1
1791032901	1
1791032911	1
1791032921	1
1791032931	1
1791032941	1
1791032951	1
1791032961	1
1791032971	1
1791032981	1
1791032991	1
1791033002	0
1791033012	0
1791033022	0
1791033032	0
1791033042	0
1791033052	0
1791033062	0
1791033072	0
1791033082	0
1791033092	0
1791033102	0
1791033112	0
1791033122	0
1791033132	0
1791033142	0
1791033152	0
1791033162	0
1791033173	0
1791033183	0
1791033193	0
1791033203	0
1791033213	0
1791033223	0
1791033233	0
1791033243	0
1791033253	0
1791033263	0
1791033273	0
1791033283	0
1791033293	0
1791033303	0
1791033313	0
1791033323	0
1791033333	0
1791033343	0
1791033354	0
1791033364	0
1791033374	0
1791033384	0
1791033394	0
1791033404	0
1791033414	0
1791033424	0
1791033434	0
1791033444	0
1791033454	0
1791033464	0
1791033474	0
1791033484	0
1791033494	0
1791033504	0
1791033514	0
1791033524	0
1791033534	0
1791033544	0
1791033555	0
1791033565	0
1791033575	0
1791033585	0
1791033595	0
1791033605	0
1791033615	0
1791033625	0
1791033635	0
1791033645	0
1791033655	0
1791033665	0
1791033675	0
1791033685	0
1791033695	0
1791033705	0
1791033715	0
1791033725	0
1791033735	0
1791033745	0
1791033755	0
1791033765	1
1791033775	1
1791033785	1
1791033795	1
1791033805	1
1791033815	1
1791033825	1
1791033835	1
1791033846	1
1791033856	1
1791033866	1
1791033876	1
1791033886	1
1791033896	1
1791033906	1
1791033916	1
1791033926	1
1791033936	1
1791033946	1
1791033956	1
1791033966	1
1791033976	1
1791033986	1
1791033996	1
1791034006	1
1791034016	1
1791034026	1
1791034036	1
1791034046	1
1791034056	1
1791034066	1
1791034076	1
1791034086	1
1791034096	1
1791034106	1
1791034117	1
1791034127	1
1791034137	1
1791034147	1
1791034157	1
1791034167	1
1791034177	1
1791034187	1
1791034197	1
1791034207	1
1791034217	1
1791034227	1
1791034237	1
1791034247	1
1791034257	0
1791034267	0
1791034277	0
1791034287	0
1791034297	0
1791034307	0
1791034317	0
1791034328	0
1791034338	0
1791034348	0
1791034358	0
1791034368	0
1791034378	0
1791034388	0
1791034398	0
1791034408	0
1791034418	0
1791034428	0
1791034438	0
1791034448	0
1791034458	0
1791034468	0
1791034478	0
1791034488	0
1791034499	0
1791034509	0
1791034519	0
1791034529	0
1791034539	0
1791034549	0
1791034559	0
1791034569	0
1791034579	0
1791034589	0
1791034599	0
1791034609	0
1791034619	0
1791034629	0
1791034639	0
1791034649	0
1791034659	0
1791034669	0
1791034680	0
1791034690	0
1791034700	0
1791034710	0
1791034720	0
1791034730	0
1791034740	0
1791034750	0
1791034760	0
1791034770	0
1791034780	0
1791034790	0
1791034800	0
1791034810	0
1791034820	0
1791034830	0
1791034840	0
1791034850	0
1791034860	0
1791034870	0
1791034880	0
1791034890	0
1791034900	0
1791034910	0
1791034920	0
1791034931	0
1791034941	0
1791034951	0
1791034961	0
1791034971	1
1791034981	1
1791034991	1
1791035001	1
1791035011	1
1791035021	1
1791035031	1
1791035041	1
1791035051	1
1791035061	1
1791035071	1
1791035081	1
1791035091	1
1791035101	1
1791035111	1
1791035121	1
1791035131	1
1791035141	1
1791035151	1
1791035161	1
1791035171	1
1791035181	1
1791035191	1
1791035202	1
1791035212	1
1791035222	1
1791035232	1
1791035242	1
1791035252	1
1791035262	1
1791035272	1
1791035282	1
1791035292	1
1791035302	1
1791035312	1
1791035322	1
1791035332	1
1791035342	1
1791035352	1
1791035362	1
1791035372	1
1791035382	1
1791035392	1
1791035402	1
1791035412	1
1791035422	1
1791035432	1
1791035442	1
1791035453	1
1791035463	1
1791035473	1
1791035483	1
1791035493	1
1791035503	0
1791035513	0
1791035523	0
1791035533	0
1791035543	0
1791035553	0
1791035563	0
1791035573	0
1791035583	0
1791035593	0
1791035603	0
1791035613	0
1791035623	0
1791035634	0
1791035644	0
1791035654	0
1791035664	0
1791035674	0
1791035684	0
1791035694	0
1791035704	0
1791035714	0
1791035724	0
1791035734	0
1791035744	0
1791035754	0
1791035764	0
1791035774	0
1791035784	0
1791035794	0
1791035805	0
1791035815	0
1791035825	0
1791035835	0
1791035845	0
1791035855	0
1791035865	0
1791035875	0
1791035885	0
1791035895	0
1791035905	0
1791035915	0
1791035925	0
1791035935	0
1791035945	0
1791035955	0
1791035965	0
1791035976	0
1791035986	0
1791035996	0
1791036006	0
1791036016	0
1791036026	0
1791036036	0
1791036046	0
1791036056	0
1791036066	0
1791036076	0
1791036086	0
1791036096	0
1791036106	0
1791036116	0
1791036126	0
1791036136	0
1791036146	0
1791036157	0
1791036167	0
1791036177	0
1791036187	0
1791036197	0
1791036207	0
1791036217	0
1791036227	0
1791036237	0
1791036247	0
1791036257	0
1791036267	0
1791036277	0
1791036287	0
1791036297	0
1791036307	0
1791036317	0
1791036327	0
1791036338	0
1791036348	0
1791036358	0
1791036368	0
1791036378	0
1791036388	0
1791036398	0
1791036408	0
1791036418	0
1791036428	0
1791036438	0
1791036448	0
1791036458	0
1791036468	0
1791036478	0
1791036488	0
1791036498	0
1791036509	0
1791036519	0
1791036529	0
1791036539	0
1791036549	0
1791036559	0
1791036569	0
1791036579	0
1791036589	0
1791036599	0
1791036609	0
1791036619	0
1791036629	0
1791036639	0
1791036649	0
1791036659	0
1791036669	0
1791036679	0
1791036690	0
1791036700	0
1791036710	0
1791036720	0
1791036730	0
1791036740	0
1791036750	0
1791036760	0
1791036770	0
1791036780	0
1791036790	0
1791036800	0
1791036810	0
1791036820	0
1791036830	0
1791036840	0
1791036850	0
1791036860	0
1791036871	0
1791036881	0
1791036891	0
1791036901	0
1791036911	0
1791036921	0
1791036931	0
1791036941	0
1791036951	0
1791036961	0
1791036971	0
1791036981	0
1791036991	0
1791037001	0
1791037011	0
1791037021	0
1791037031	0
1791037041	0
1791037052	0
1791037062	0
1791037072	0
1791037082	0
1791037092	0
1791037102	0
1791037112	0
1791037122	0
1791037132	0
1791037142	0
1791037152	0
1791037162	0
1791037172	0
1791037182	0
1791037192	0
1791037202	0
1791037212	0
1791037222	0
1791037233	0
1791037243	0
1791037253	0
1791037263	0
1791037273	0
1791037283	0
1791037293	0
1791037303	0
1791037313	0
1791037323	0
1791037333	0
1791037343	0
1791037353	0
1791037363	0
1791037373	0
1791037383	0
1791037393	0
1791037403	0
1791037413	0
1791037423	0
1791037433	0
1791037444	0
1791037454	0
1791037464	0
1791037474	0
1791037484	0
1791037494	0
1791037504	0
1791037514	0
1791037524	0
1791037534	0
1791037544	0
1791037554	0
1791037564	0
1791037574	0
1791037584	0
1791037594	0
1791037605	0
1791037615	0
1791037625	0
1791037635	0
1791037645	0
1791037655	0
1791037665	0
1791037675	0
1791037685	0
1791037695	0
1791037705	0
1791037715	0
1791037725	0
1791037735	0
1791037745	0
1791037755	0
1791037765	0
1791037775	0
1791037786	0
1791037796	0
1791037806	0
1791037816	0
1791037826	0
1791037836	0
1791037846	0
1791037856	0
1791037866	0
1791037876	0
1791037886	0
1791037896	0
1791037906	0
1791037916	0
1791037926	0
1791037936	0
1791037946	0
1791037956	0
1791037966	0
1791037977	0
1791037987	0
1791037997	0
1791038007	0
1791038017	0
1791038027	0
1791038037	0
1791038047	0
1791038057	0
1791038067	0
1791038077	0
1791038087	0
1791038097	0
1791038107	0
1791038117	0
1791038127	0
1791038137	0
1791038148	0
1791038158	0
1791038168	0
1791038178	0
1791038188	0
1791038198	0
1791038208	0
1791038218	0
1791038228	0
1791038238	0
1791038248	0
1791038258	0
1791038268	0
1791038278	0
1791038288	0
1791038298	0
1791038308	0
1791038319	0
1791038329	0
1791038339	0
1791038349	0
1791038359	0
1791038369	0
1791038379	0
1791038389	0
1791038399	0
1791038409	0
1791038419	0
1791038429	0
1791038439	0
1791038449	0
1791038459	0
1791038469	0
1791038479	0
1791038490	0
1791038500	0
1791038510	0
1791038520	0
