epoch	thermal_state
1791017664	0
1791017674	0
1791017684	0
1791017694	0
1791017705	0
1791017715	0
1791017725	0
1791017735	0
1791017745	0
1791017755	0
1791017765	0
1791017775	0
1791017785	0
1791017795	0
1791017805	0
1791017815	0
1791017825	0
1791017835	0
1791017845	0
1791017855	0
1791017865	0
1791017875	1
1791017885	1
1791017895	1
1791017905	1
1791017915	1
1791017926	1
1791017936	1
1791017946	1
1791017956	1
1791017966	1
1791017976	1
1791017986	1
1791017996	1
1791018006	1
1791018016	1
1791018026	1
1791018036	1
1791018046	1
1791018056	1
1791018066	1
1791018076	1
1791018086	1
1791018096	1
1791018107	1
1791018117	1
1791018127	1
1791018137	1
1791018147	1
1791018157	1
1791018167	1
1791018177	1
1791018187	1
1791018197	1
1791018207	1
1791018217	1
1791018227	1
1791018237	1
1791018247	1
1791018257	1
1791018267	1
1791018277	1
1791018287	1
1791018298	1
1791018308	1
1791018318	1
1791018328	1
1791018338	1
1791018348	1
1791018358	1
1791018368	1
1791018378	1
1791018388	1
1791018398	1
1791018408	1
1791018418	1
1791018428	1
1791018439	1
1791018449	1
1791018459	1
1791018469	1
1791018479	1
1791018489	1
1791018499	1
1791018509	1
1791018519	1
1791018529	1
1791018539	1
1791018549	1
1791018559	1
1791018569	1
1791018579	1
1791018589	1
1791018600	1
1791018610	1
1791018620	1
1791018630	1
1791018640	1
1791018650	1
1791018660	1
1791018670	1
1791018680	1
1791018690	1
1791018700	1
1791018710	1
1791018720	1
1791018730	1
1791018740	1
1791018751	1
1791018761	1
1791018771	1
1791018781	1
1791018791	1
1791018801	1
1791018811	1
1791018821	1
1791018831	1
1791018841	1
1791018851	1
1791018861	1
1791018871	1
1791018881	1
1791018891	1
1791018902	1
1791018912	1
1791018922	1
1791018932	1
1791018942	1
1791018952	1
1791018962	1
1791018972	1
1791018982	1
1791018992	1
1791019002	1
1791019012	1
1791019023	1
1791019033	1
1791019043	1
1791019053	1
1791019063	1
1791019073	1
1791019083	1
1791019093	1
1791019103	1
1791019113	1
1791019123	1
1791019133	1
1791019143	0
1791019153	0
1791019163	0
1791019174	0
1791019184	0
1791019194	0
1791019204	0
1791019214	0
1791019224	0
1791019234	0
1791019244	0
1791019254	0
1791019264	0
1791019274	0
1791019284	0
1791019294	0
1791019304	0
1791019314	0
1791019324	0
1791019334	0
1791019344	0
1791019354	0
1791019364	0
1791019375	0
1791019385	0
1791019395	0
1791019405	0
1791019415	0
1791019425	0
1791019435	0
1791019445	0
1791019455	0
1791019465	0
1791019475	0
1791019485	0
1791019495	0
1791019505	0
1791019515	0
1791019525	0
1791019535	0
1791019545	0
1791019555	0
1791019566	0
1791019576	0
1791019586	0
1791019596	0
1791019606	0
1791019616	0
1791019626	0
1791019636	0
1791019646	0
1791019656	0
1791019666	0
1791019676	0
