epoch,container,cpu_percent
1791058128,my-rtb-log-consumer-1,44.55
1791058128,my-rtb-bidder-1,203.42
1791058128,my-rtb-ad-manager-1,0.18
1791058128,my-rtb-schema-registry-1,0.72
1791058128,my-rtb-postgres-1,18.76
1791058128,my-rtb-redis-1,19.25
1791058128,my-rtb-kafka-1,16.45
1791058131,my-rtb-log-consumer-1,104.00
1791058131,my-rtb-bidder-1,188.77
1791058131,my-rtb-ad-manager-1,0.18
1791058131,my-rtb-schema-registry-1,0.91
1791058131,my-rtb-postgres-1,22.07
1791058131,my-rtb-redis-1,27.54
1791058131,my-rtb-kafka-1,31.60
1791058133,my-rtb-log-consumer-1,48.58
1791058133,my-rtb-bidder-1,166.78
1791058133,my-rtb-ad-manager-1,0.17
1791058133,my-rtb-schema-registry-1,0.52
1791058133,my-rtb-postgres-1,17.51
1791058133,my-rtb-redis-1,25.41
1791058133,my-rtb-kafka-1,38.55
1791058135,my-rtb-log-consumer-1,33.59
1791058135,my-rtb-bidder-1,102.77
1791058135,my-rtb-ad-manager-1,0.11
1791058135,my-rtb-schema-registry-1,0.46
1791058135,my-rtb-postgres-1,13.12
1791058135,my-rtb-redis-1,19.86
1791058135,my-rtb-kafka-1,33.77
1791058137,my-rtb-log-consumer-1,104.08
1791058137,my-rtb-bidder-1,142.83
1791058137,my-rtb-ad-manager-1,0.18
1791058137,my-rtb-schema-registry-1,0.49
1791058137,my-rtb-postgres-1,21.01
1791058137,my-rtb-redis-1,26.89
1791058137,my-rtb-kafka-1,24.19
1791058139,my-rtb-log-consumer-1,28.22
1791058139,my-rtb-bidder-1,94.99
1791058139,my-rtb-ad-manager-1,0.11
1791058139,my-rtb-schema-registry-1,0.32
1791058139,my-rtb-postgres-1,12.39
1791058139,my-rtb-redis-1,19.07
1791058139,my-rtb-kafka-1,42.77
1791058141,my-rtb-log-consumer-1,23.03
1791058141,my-rtb-bidder-1,98.83
1791058141,my-rtb-ad-manager-1,0.12
1791058141,my-rtb-schema-registry-1,0.34
1791058141,my-rtb-postgres-1,11.66
1791058141,my-rtb-redis-1,18.41
1791058141,my-rtb-kafka-1,33.16
1791058143,my-rtb-log-consumer-1,21.25
1791058143,my-rtb-bidder-1,92.43
1791058143,my-rtb-ad-manager-1,0.15
1791058143,my-rtb-schema-registry-1,0.34
1791058143,my-rtb-postgres-1,11.00
1791058143,my-rtb-redis-1,17.55
1791058143,my-rtb-kafka-1,34.52
1791058145,my-rtb-log-consumer-1,26.70
1791058145,my-rtb-bidder-1,118.09
1791058145,my-rtb-ad-manager-1,0.16
1791058145,my-rtb-schema-registry-1,0.54
1791058145,my-rtb-postgres-1,15.17
1791058145,my-rtb-redis-1,22.69
1791058145,my-rtb-kafka-1,35.38
1791058147,my-rtb-log-consumer-1,21.58
1791058147,my-rtb-bidder-1,86.20
1791058147,my-rtb-ad-manager-1,0.18
1791058147,my-rtb-schema-registry-1,0.33
1791058147,my-rtb-postgres-1,10.65
1791058147,my-rtb-redis-1,17.54
1791058147,my-rtb-kafka-1,27.92
1791058149,my-rtb-log-consumer-1,23.96
1791058149,my-rtb-bidder-1,100.72
1791058149,my-rtb-ad-manager-1,0.15
1791058149,my-rtb-schema-registry-1,0.61
1791058149,my-rtb-postgres-1,12.32
1791058149,my-rtb-redis-1,19.62
1791058149,my-rtb-kafka-1,31.81
1791058151,my-rtb-log-consumer-1,21.21
1791058151,my-rtb-bidder-1,86.54
1791058151,my-rtb-ad-manager-1,0.12
1791058151,my-rtb-schema-registry-1,0.43
1791058151,my-rtb-postgres-1,10.79
1791058151,my-rtb-redis-1,17.32
1791058151,my-rtb-kafka-1,31.35
1791058153,my-rtb-log-consumer-1,20.93
1791058153,my-rtb-bidder-1,87.08
1791058153,my-rtb-ad-manager-1,0.10
1791058153,my-rtb-schema-registry-1,0.63
1791058153,my-rtb-postgres-1,10.79
1791058153,my-rtb-redis-1,17.26
1791058153,my-rtb-kafka-1,28.20
1791058155,my-rtb-log-consumer-1,20.76
1791058155,my-rtb-bidder-1,84.33
1791058155,my-rtb-ad-manager-1,0.11
1791058155,my-rtb-schema-registry-1,0.78
1791058155,my-rtb-postgres-1,10.71
1791058155,my-rtb-redis-1,17.16
1791058155,my-rtb-kafka-1,27.69
1791058157,my-rtb-log-consumer-1,21.24
1791058157,my-rtb-bidder-1,84.75
1791058157,my-rtb-ad-manager-1,0.10
1791058157,my-rtb-schema-registry-1,0.60
1791058157,my-rtb-postgres-1,10.89
1791058157,my-rtb-redis-1,17.50
1791058157,my-rtb-kafka-1,28.25
1791058159,my-rtb-log-consumer-1,21.77
1791058159,my-rtb-bidder-1,88.52
1791058159,my-rtb-ad-manager-1,0.14
1791058159,my-rtb-schema-registry-1,0.64
1791058159,my-rtb-postgres-1,11.44
1791058159,my-rtb-redis-1,17.74
1791058159,my-rtb-kafka-1,30.89
1791058161,my-rtb-log-consumer-1,21.52
1791058161,my-rtb-bidder-1,90.64
1791058161,my-rtb-ad-manager-1,0.18
1791058161,my-rtb-schema-registry-1,0.82
1791058161,my-rtb-postgres-1,11.03
1791058161,my-rtb-redis-1,17.35
1791058161,my-rtb-kafka-1,30.59
1791058163,my-rtb-log-consumer-1,21.88
1791058163,my-rtb-bidder-1,84.89
1791058163,my-rtb-ad-manager-1,0.11
1791058163,my-rtb-schema-registry-1,0.30
1791058163,my-rtb-postgres-1,10.85
1791058163,my-rtb-redis-1,17.42
1791058163,my-rtb-kafka-1,28.61
1791058165,my-rtb-log-consumer-1,22.91
1791058165,my-rtb-bidder-1,98.04
1791058165,my-rtb-ad-manager-1,0.11
1791058165,my-rtb-schema-registry-1,0.43
1791058165,my-rtb-postgres-1,11.85
1791058165,my-rtb-redis-1,19.16
1791058165,my-rtb-kafka-1,31.97
1791058167,my-rtb-log-consumer-1,26.00
1791058167,my-rtb-bidder-1,113.16
1791058167,my-rtb-ad-manager-1,0.15
1791058167,my-rtb-schema-registry-1,0.53
1791058167,my-rtb-postgres-1,16.46
1791058167,my-rtb-redis-1,22.36
1791058167,my-rtb-kafka-1,30.00
1791058169,my-rtb-log-consumer-1,21.77
1791058169,my-rtb-bidder-1,93.83
1791058169,my-rtb-ad-manager-1,0.13
1791058169,my-rtb-schema-registry-1,0.33
1791058169,my-rtb-postgres-1,10.93
1791058169,my-rtb-redis-1,18.11
1791058169,my-rtb-kafka-1,30.55
1791058171,my-rtb-log-consumer-1,21.91
1791058171,my-rtb-bidder-1,98.78
1791058171,my-rtb-ad-manager-1,0.22
1791058171,my-rtb-schema-registry-1,0.53
1791058171,my-rtb-postgres-1,11.42
1791058171,my-rtb-redis-1,18.47
1791058171,my-rtb-kafka-1,30.57
1791058173,my-rtb-log-consumer-1,21.91
1791058173,my-rtb-bidder-1,94.83
1791058173,my-rtb-ad-manager-1,0.11
1791058173,my-rtb-schema-registry-1,0.41
1791058173,my-rtb-postgres-1,11.14
1791058173,my-rtb-redis-1,17.99
1791058173,my-rtb-kafka-1,28.72
1791058175,my-rtb-log-consumer-1,22.10
1791058175,my-rtb-bidder-1,95.55
1791058175,my-rtb-ad-manager-1,0.11
1791058175,my-rtb-schema-registry-1,0.31
1791058175,my-rtb-postgres-1,11.38
1791058175,my-rtb-redis-1,18.74
1791058175,my-rtb-kafka-1,29.17
1791058177,my-rtb-log-consumer-1,25.36
1791058177,my-rtb-bidder-1,105.71
1791058177,my-rtb-ad-manager-1,0.14
1791058177,my-rtb-schema-registry-1,0.34
1791058177,my-rtb-postgres-1,12.94
1791058177,my-rtb-redis-1,20.80
1791058177,my-rtb-kafka-1,36.33
1791058179,my-rtb-log-consumer-1,22.55
1791058179,my-rtb-bidder-1,110.45
1791058179,my-rtb-ad-manager-1,0.32
1791058179,my-rtb-schema-registry-1,0.50
1791058179,my-rtb-postgres-1,12.32
1791058179,my-rtb-redis-1,19.37
1791058179,my-rtb-kafka-1,32.93
1791058181,my-rtb-log-consumer-1,22.02
1791058181,my-rtb-bidder-1,99.43
1791058181,my-rtb-ad-manager-1,0.12
1791058181,my-rtb-schema-registry-1,0.33
1791058181,my-rtb-postgres-1,11.67
1791058181,my-rtb-redis-1,19.01
1791058181,my-rtb-kafka-1,30.18
1791058183,my-rtb-log-consumer-1,22.60
1791058183,my-rtb-bidder-1,111.85
1791058183,my-rtb-ad-manager-1,0.11
1791058183,my-rtb-schema-registry-1,0.36
1791058183,my-rtb-postgres-1,11.94
1791058183,my-rtb-redis-1,19.58
1791058183,my-rtb-kafka-1,30.47
1791058185,my-rtb-log-consumer-1,22.47
1791058185,my-rtb-bidder-1,116.54
1791058185,my-rtb-ad-manager-1,0.20
1791058185,my-rtb-schema-registry-1,0.45
1791058185,my-rtb-postgres-1,12.47
1791058185,my-rtb-redis-1,20.24
1791058185,my-rtb-kafka-1,34.70
1791058187,my-rtb-log-consumer-1,23.38
1791058187,my-rtb-bidder-1,138.33
1791058187,my-rtb-ad-manager-1,0.22
1791058187,my-rtb-schema-registry-1,0.36
1791058187,my-rtb-postgres-1,12.69
1791058187,my-rtb-redis-1,21.55
1791058187,my-rtb-kafka-1,32.81
1791058189,my-rtb-log-consumer-1,31.82
1791058189,my-rtb-bidder-1,158.83
1791058189,my-rtb-ad-manager-1,0.13
1791058189,my-rtb-schema-registry-1,0.48
1791058189,my-rtb-postgres-1,17.65
1791058189,my-rtb-redis-1,28.45
1791058189,my-rtb-kafka-1,38.54
1791058191,my-rtb-log-consumer-1,25.04
1791058191,my-rtb-bidder-1,125.65
1791058191,my-rtb-ad-manager-1,0.16
1791058191,my-rtb-schema-registry-1,0.37
1791058191,my-rtb-postgres-1,13.50
1791058191,my-rtb-redis-1,21.42
1791058191,my-rtb-kafka-1,34.13
1791058193,my-rtb-log-consumer-1,25.08
1791058193,my-rtb-bidder-1,140.38
1791058193,my-rtb-ad-manager-1,0.12
1791058193,my-rtb-schema-registry-1,27.75
1791058193,my-rtb-postgres-1,13.65
1791058193,my-rtb-redis-1,22.66
1791058193,my-rtb-kafka-1,33.42
1791058195,my-rtb-log-consumer-1,23.87
1791058195,my-rtb-bidder-1,153.21
1791058195,my-rtb-ad-manager-1,0.16
1791058195,my-rtb-schema-registry-1,4.90
1791058195,my-rtb-postgres-1,14.60
1791058195,my-rtb-redis-1,22.54
1791058195,my-rtb-kafka-1,31.92
1791058197,my-rtb-log-consumer-1,28.68
1791058197,my-rtb-bidder-1,160.98
1791058197,my-rtb-ad-manager-1,0.16
1791058197,my-rtb-schema-registry-1,0.87
1791058197,my-rtb-postgres-1,19.30
1791058197,my-rtb-redis-1,27.13
1791058197,my-rtb-kafka-1,35.21
1791058199,my-rtb-log-consumer-1,28.09
1791058199,my-rtb-bidder-1,174.50
1791058199,my-rtb-ad-manager-1,0.43
1791058199,my-rtb-schema-registry-1,0.35
1791058199,my-rtb-postgres-1,39.70
1791058199,my-rtb-redis-1,27.27
1791058199,my-rtb-kafka-1,38.24
1791058201,my-rtb-log-consumer-1,26.03
1791058201,my-rtb-bidder-1,140.09
1791058201,my-rtb-ad-manager-1,0.12
1791058201,my-rtb-schema-registry-1,0.36
1791058201,my-rtb-postgres-1,14.98
1791058201,my-rtb-redis-1,24.20
1791058201,my-rtb-kafka-1,36.28
1791058203,my-rtb-log-consumer-1,23.33
1791058203,my-rtb-bidder-1,159.60
1791058203,my-rtb-ad-manager-1,0.12
1791058203,my-rtb-schema-registry-1,0.33
1791058203,my-rtb-postgres-1,14.03
1791058203,my-rtb-redis-1,22.62
1791058203,my-rtb-kafka-1,30.49
1791058205,my-rtb-log-consumer-1,25.16
1791058205,my-rtb-bidder-1,156.77
1791058205,my-rtb-ad-manager-1,0.16
1791058205,my-rtb-schema-registry-1,0.30
1791058205,my-rtb-postgres-1,14.53
1791058205,my-rtb-redis-1,24.58
1791058205,my-rtb-kafka-1,37.31
1791058207,my-rtb-log-consumer-1,24.49
1791058207,my-rtb-bidder-1,141.84
1791058207,my-rtb-ad-manager-1,0.11
1791058207,my-rtb-schema-registry-1,0.29
1791058207,my-rtb-postgres-1,13.74
1791058207,my-rtb-redis-1,22.60
1791058207,my-rtb-kafka-1,35.39
1791058209,my-rtb-log-consumer-1,25.17
1791058209,my-rtb-bidder-1,165.01
1791058209,my-rtb-ad-manager-1,0.13
1791058209,my-rtb-schema-registry-1,0.37
1791058209,my-rtb-postgres-1,15.01
1791058209,my-rtb-redis-1,24.96
1791058209,my-rtb-kafka-1,35.08
1791058211,my-rtb-log-consumer-1,21.47
1791058211,my-rtb-bidder-1,104.65
1791058211,my-rtb-ad-manager-1,0.12
1791058211,my-rtb-schema-registry-1,0.29
1791058211,my-rtb-postgres-1,11.46
1791058211,my-rtb-redis-1,19.09
1791058211,my-rtb-kafka-1,29.14
1791058213,my-rtb-log-consumer-1,22.48
1791058213,my-rtb-bidder-1,112.46
1791058213,my-rtb-ad-manager-1,0.11
1791058213,my-rtb-schema-registry-1,0.26
1791058213,my-rtb-postgres-1,11.86
1791058213,my-rtb-redis-1,19.76
1791058213,my-rtb-kafka-1,30.15
1791058215,my-rtb-log-consumer-1,21.87
1791058215,my-rtb-bidder-1,103.04
1791058215,my-rtb-ad-manager-1,0.15
1791058215,my-rtb-schema-registry-1,0.31
1791058215,my-rtb-postgres-1,11.84
1791058215,my-rtb-redis-1,19.28
1791058215,my-rtb-kafka-1,30.41
1791058217,my-rtb-log-consumer-1,22.27
1791058217,my-rtb-bidder-1,101.66
1791058217,my-rtb-ad-manager-1,0.10
1791058217,my-rtb-schema-registry-1,0.27
1791058217,my-rtb-postgres-1,12.35
1791058217,my-rtb-redis-1,19.76
1791058217,my-rtb-kafka-1,29.35
1791058219,my-rtb-log-consumer-1,25.58
1791058219,my-rtb-bidder-1,122.13
1791058219,my-rtb-ad-manager-1,0.11
1791058219,my-rtb-schema-registry-1,0.31
1791058219,my-rtb-postgres-1,15.10
1791058219,my-rtb-redis-1,23.33
1791058219,my-rtb-kafka-1,33.70
1791058221,my-rtb-log-consumer-1,20.73
1791058221,my-rtb-bidder-1,90.88
1791058221,my-rtb-ad-manager-1,0.09
1791058221,my-rtb-schema-registry-1,0.28
1791058221,my-rtb-postgres-1,10.95
1791058221,my-rtb-redis-1,17.67
1791058221,my-rtb-kafka-1,27.92
1791058223,my-rtb-log-consumer-1,21.86
1791058223,my-rtb-bidder-1,102.65
1791058223,my-rtb-ad-manager-1,0.10
1791058223,my-rtb-schema-registry-1,0.84
1791058223,my-rtb-postgres-1,11.53
1791058223,my-rtb-redis-1,18.84
1791058223,my-rtb-kafka-1,29.28
1791058225,my-rtb-log-consumer-1,25.05
1791058225,my-rtb-bidder-1,120.72
1791058225,my-rtb-ad-manager-1,0.16
1791058225,my-rtb-schema-registry-1,0.31
1791058225,my-rtb-postgres-1,14.79
1791058225,my-rtb-redis-1,23.39
1791058225,my-rtb-kafka-1,38.32
1791058227,my-rtb-log-consumer-1,24.70
1791058227,my-rtb-bidder-1,128.08
1791058227,my-rtb-ad-manager-1,0.15
1791058227,my-rtb-schema-registry-1,0.46
1791058227,my-rtb-postgres-1,16.88
1791058227,my-rtb-redis-1,23.98
1791058227,my-rtb-kafka-1,26.38
1791058230,my-rtb-log-consumer-1,24.72
1791058230,my-rtb-bidder-1,123.24
1791058230,my-rtb-ad-manager-1,0.13
1791058230,my-rtb-schema-registry-1,3.11
1791058230,my-rtb-postgres-1,14.96
1791058230,my-rtb-redis-1,22.32
1791058230,my-rtb-kafka-1,32.16
1791058232,my-rtb-log-consumer-1,23.80
1791058232,my-rtb-bidder-1,109.06
1791058232,my-rtb-ad-manager-1,0.10
1791058232,my-rtb-schema-registry-1,0.28
1791058232,my-rtb-postgres-1,12.23
1791058232,my-rtb-redis-1,20.40
1791058232,my-rtb-kafka-1,31.04
1791058234,my-rtb-log-consumer-1,21.71
1791058234,my-rtb-bidder-1,103.00
1791058234,my-rtb-ad-manager-1,0.10
1791058234,my-rtb-schema-registry-1,0.28
1791058234,my-rtb-postgres-1,11.49
1791058234,my-rtb-redis-1,18.90
1791058234,my-rtb-kafka-1,28.95
1791058236,my-rtb-log-consumer-1,21.42
1791058236,my-rtb-bidder-1,98.70
1791058236,my-rtb-ad-manager-1,0.21
1791058236,my-rtb-schema-registry-1,0.26
1791058236,my-rtb-postgres-1,11.36
1791058236,my-rtb-redis-1,18.30
1791058236,my-rtb-kafka-1,30.31
1791058238,my-rtb-log-consumer-1,25.02
1791058238,my-rtb-bidder-1,111.34
1791058238,my-rtb-ad-manager-1,0.12
1791058238,my-rtb-schema-registry-1,0.29
1791058238,my-rtb-postgres-1,14.30
1791058238,my-rtb-redis-1,22.37
1791058238,my-rtb-kafka-1,32.29
1791058240,my-rtb-log-consumer-1,24.48
1791058240,my-rtb-bidder-1,113.05
1791058240,my-rtb-ad-manager-1,0.12
1791058240,my-rtb-schema-registry-1,0.35
1791058240,my-rtb-postgres-1,14.93
1791058240,my-rtb-redis-1,22.11
1791058240,my-rtb-kafka-1,31.62
1791058242,my-rtb-log-consumer-1,21.93
1791058242,my-rtb-bidder-1,104.48
1791058242,my-rtb-ad-manager-1,0.13
1791058242,my-rtb-schema-registry-1,0.23
1791058242,my-rtb-postgres-1,11.52
1791058242,my-rtb-redis-1,19.17
1791058242,my-rtb-kafka-1,29.54
1791058244,my-rtb-log-consumer-1,22.27
1791058244,my-rtb-bidder-1,107.67
1791058244,my-rtb-ad-manager-1,0.09
1791058244,my-rtb-schema-registry-1,0.27
1791058244,my-rtb-postgres-1,11.77
1791058244,my-rtb-redis-1,19.41
1791058244,my-rtb-kafka-1,32.71
1791058246,my-rtb-log-consumer-1,23.61
1791058246,my-rtb-bidder-1,119.39
1791058246,my-rtb-ad-manager-1,0.26
1791058246,my-rtb-schema-registry-1,0.33
1791058246,my-rtb-postgres-1,12.50
1791058246,my-rtb-redis-1,20.99
1791058246,my-rtb-kafka-1,32.21
1791058248,my-rtb-log-consumer-1,25.23
1791058248,my-rtb-bidder-1,124.32
1791058248,my-rtb-ad-manager-1,0.13
1791058248,my-rtb-schema-registry-1,0.33
1791058248,my-rtb-postgres-1,14.98
1791058248,my-rtb-redis-1,22.92
1791058248,my-rtb-kafka-1,33.57
1791058250,my-rtb-log-consumer-1,19.89
1791058250,my-rtb-bidder-1,132.91
1791058250,my-rtb-ad-manager-1,0.19
1791058250,my-rtb-schema-registry-1,0.46
1791058250,my-rtb-postgres-1,12.54
1791058250,my-rtb-redis-1,21.83
1791058250,my-rtb-kafka-1,24.35
1791058252,my-rtb-log-consumer-1,22.54
1791058252,my-rtb-bidder-1,108.92
1791058252,my-rtb-ad-manager-1,0.12
1791058252,my-rtb-schema-registry-1,0.31
1791058252,my-rtb-postgres-1,11.90
1791058252,my-rtb-redis-1,19.47
1791058252,my-rtb-kafka-1,30.07
1791058254,my-rtb-log-consumer-1,23.57
1791058254,my-rtb-bidder-1,135.82
1791058254,my-rtb-ad-manager-1,0.11
1791058254,my-rtb-schema-registry-1,0.29
1791058254,my-rtb-postgres-1,13.27
1791058254,my-rtb-redis-1,22.35
1791058254,my-rtb-kafka-1,36.32
1791058256,my-rtb-log-consumer-1,27.55
1791058256,my-rtb-bidder-1,141.24
1791058256,my-rtb-ad-manager-1,0.31
1791058256,my-rtb-schema-registry-1,0.36
1791058256,my-rtb-postgres-1,17.17
1791058256,my-rtb-redis-1,24.76
1791058256,my-rtb-kafka-1,36.02
1791058258,my-rtb-log-consumer-1,24.25
1791058258,my-rtb-bidder-1,121.29
1791058258,my-rtb-ad-manager-1,0.19
1791058258,my-rtb-schema-registry-1,0.90
1791058258,my-rtb-postgres-1,14.95
1791058258,my-rtb-redis-1,22.71
1791058258,my-rtb-kafka-1,31.45
1791058260,my-rtb-log-consumer-1,28.76
1791058260,my-rtb-bidder-1,146.28
1791058260,my-rtb-ad-manager-1,0.14
1791058260,my-rtb-schema-registry-1,0.37
1791058260,my-rtb-postgres-1,36.57
1791058260,my-rtb-redis-1,26.60
1791058260,my-rtb-kafka-1,34.61
1791058262,my-rtb-log-consumer-1,24.92
1791058262,my-rtb-bidder-1,126.10
1791058262,my-rtb-ad-manager-1,0.10
1791058262,my-rtb-schema-registry-1,0.28
1791058262,my-rtb-postgres-1,13.48
1791058262,my-rtb-redis-1,22.01
1791058262,my-rtb-kafka-1,34.78
1791058264,my-rtb-log-consumer-1,22.90
1791058264,my-rtb-bidder-1,117.59
1791058264,my-rtb-ad-manager-1,0.10
1791058264,my-rtb-schema-registry-1,0.28
1791058264,my-rtb-postgres-1,12.39
1791058264,my-rtb-redis-1,20.93
1791058264,my-rtb-kafka-1,34.44
1791058266,my-rtb-log-consumer-1,23.54
1791058266,my-rtb-bidder-1,132.15
1791058266,my-rtb-ad-manager-1,0.15
1791058266,my-rtb-schema-registry-1,0.30
1791058266,my-rtb-postgres-1,13.50
1791058266,my-rtb-redis-1,21.90
1791058266,my-rtb-kafka-1,32.87
1791058268,my-rtb-log-consumer-1,25.46
1791058268,my-rtb-bidder-1,133.38
1791058268,my-rtb-ad-manager-1,0.12
1791058268,my-rtb-schema-registry-1,0.34
1791058268,my-rtb-postgres-1,15.75
1791058268,my-rtb-redis-1,23.65
1791058268,my-rtb-kafka-1,32.85
1791058270,my-rtb-log-consumer-1,26.67
1791058270,my-rtb-bidder-1,143.12
1791058270,my-rtb-ad-manager-1,0.14
1791058270,my-rtb-schema-registry-1,0.35
1791058270,my-rtb-postgres-1,16.23
1791058270,my-rtb-redis-1,25.08
1791058270,my-rtb-kafka-1,35.25
1791058272,my-rtb-log-consumer-1,27.05
1791058272,my-rtb-bidder-1,154.67
1791058272,my-rtb-ad-manager-1,0.35
1791058272,my-rtb-schema-registry-1,0.39
1791058272,my-rtb-postgres-1,15.42
1791058272,my-rtb-redis-1,25.43
1791058272,my-rtb-kafka-1,46.61
1791058274,my-rtb-log-consumer-1,24.19
1791058274,my-rtb-bidder-1,144.80
1791058274,my-rtb-ad-manager-1,0.11
1791058274,my-rtb-schema-registry-1,0.28
1791058274,my-rtb-postgres-1,13.69
1791058274,my-rtb-redis-1,22.93
1791058274,my-rtb-kafka-1,37.55
1791058276,my-rtb-log-consumer-1,24.11
1791058276,my-rtb-bidder-1,129.38
1791058276,my-rtb-ad-manager-1,0.22
1791058276,my-rtb-schema-registry-1,0.26
1791058276,my-rtb-postgres-1,13.12
1791058276,my-rtb-redis-1,21.81
1791058276,my-rtb-kafka-1,32.96
1791058278,my-rtb-log-consumer-1,26.08
1791058278,my-rtb-bidder-1,147.75
1791058278,my-rtb-ad-manager-1,0.12
1791058278,my-rtb-schema-registry-1,0.35
1791058278,my-rtb-postgres-1,16.20
1791058278,my-rtb-redis-1,24.66
1791058278,my-rtb-kafka-1,42.48
1791058280,my-rtb-log-consumer-1,27.34
1791058280,my-rtb-bidder-1,133.53
1791058280,my-rtb-ad-manager-1,0.12
1791058280,my-rtb-schema-registry-1,0.28
1791058280,my-rtb-postgres-1,15.20
1791058280,my-rtb-redis-1,23.30
1791058280,my-rtb-kafka-1,35.34
1791058282,my-rtb-log-consumer-1,28.07
1791058282,my-rtb-bidder-1,147.01
1791058282,my-rtb-ad-manager-1,0.12
1791058282,my-rtb-schema-registry-1,0.28
1791058282,my-rtb-postgres-1,14.23
1791058282,my-rtb-redis-1,23.55
1791058282,my-rtb-kafka-1,35.81
1791058284,my-rtb-log-consumer-1,23.08
1791058284,my-rtb-bidder-1,122.30
1791058284,my-rtb-ad-manager-1,0.10
1791058284,my-rtb-schema-registry-1,0.30
1791058284,my-rtb-postgres-1,12.61
1791058284,my-rtb-redis-1,20.88
1791058284,my-rtb-kafka-1,31.87
1791058286,my-rtb-log-consumer-1,26.69
1791058286,my-rtb-bidder-1,185.05
1791058286,my-rtb-ad-manager-1,0.32
1791058286,my-rtb-schema-registry-1,0.41
1791058286,my-rtb-postgres-1,19.87
1791058286,my-rtb-redis-1,27.20
1791058286,my-rtb-kafka-1,31.16
1791058288,my-rtb-log-consumer-1,24.89
1791058288,my-rtb-bidder-1,128.70
1791058288,my-rtb-ad-manager-1,0.16
1791058288,my-rtb-schema-registry-1,0.47
1791058288,my-rtb-postgres-1,15.08
1791058288,my-rtb-redis-1,22.81
1791058288,my-rtb-kafka-1,32.18
1791058290,my-rtb-log-consumer-1,24.91
1791058290,my-rtb-bidder-1,147.83
1791058290,my-rtb-ad-manager-1,0.15
1791058290,my-rtb-schema-registry-1,0.40
1791058290,my-rtb-postgres-1,16.36
1791058290,my-rtb-redis-1,23.94
1791058290,my-rtb-kafka-1,32.02
1791058292,my-rtb-log-consumer-1,24.72
1791058292,my-rtb-bidder-1,151.21
1791058292,my-rtb-ad-manager-1,0.12
1791058292,my-rtb-schema-registry-1,0.31
1791058292,my-rtb-postgres-1,15.81
1791058292,my-rtb-redis-1,63.01
1791058292,my-rtb-kafka-1,30.76
1791058294,my-rtb-log-consumer-1,23.30
1791058294,my-rtb-bidder-1,136.37
1791058294,my-rtb-ad-manager-1,0.11
1791058294,my-rtb-schema-registry-1,0.29
1791058294,my-rtb-postgres-1,13.17
1791058294,my-rtb-redis-1,22.41
1791058294,my-rtb-kafka-1,35.78
1791058296,my-rtb-log-consumer-1,23.44
1791058296,my-rtb-bidder-1,130.70
1791058296,my-rtb-ad-manager-1,0.15
1791058296,my-rtb-schema-registry-1,0.40
1791058296,my-rtb-postgres-1,13.64
1791058296,my-rtb-redis-1,22.15
1791058296,my-rtb-kafka-1,31.59
1791058298,my-rtb-log-consumer-1,38.46
1791058298,my-rtb-bidder-1,132.61
1791058298,my-rtb-ad-manager-1,0.19
1791058298,my-rtb-schema-registry-1,0.34
1791058298,my-rtb-postgres-1,16.06
1791058298,my-rtb-redis-1,24.27
1791058298,my-rtb-kafka-1,35.39
1791058300,my-rtb-log-consumer-1,46.66
1791058300,my-rtb-bidder-1,137.03
1791058300,my-rtb-ad-manager-1,0.15
1791058300,my-rtb-schema-registry-1,0.38
1791058300,my-rtb-postgres-1,17.80
1791058300,my-rtb-redis-1,24.77
1791058300,my-rtb-kafka-1,34.44
1791058302,my-rtb-log-consumer-1,27.00
1791058302,my-rtb-bidder-1,127.79
1791058302,my-rtb-ad-manager-1,0.14
1791058302,my-rtb-schema-registry-1,2.32
1791058302,my-rtb-postgres-1,14.63
1791058302,my-rtb-redis-1,22.76
1791058302,my-rtb-kafka-1,35.42
1791058304,my-rtb-log-consumer-1,30.54
1791058304,my-rtb-bidder-1,121.25
1791058304,my-rtb-ad-manager-1,0.11
1791058304,my-rtb-schema-registry-1,0.34
1791058304,my-rtb-postgres-1,13.13
1791058304,my-rtb-redis-1,21.50
1791058304,my-rtb-kafka-1,32.81
1791058306,my-rtb-log-consumer-1,22.58
1791058306,my-rtb-bidder-1,113.32
1791058306,my-rtb-ad-manager-1,0.10
1791058306,my-rtb-schema-registry-1,0.77
1791058306,my-rtb-postgres-1,12.07
1791058306,my-rtb-redis-1,19.88
1791058306,my-rtb-kafka-1,30.68
1791058308,my-rtb-log-consumer-1,25.83
1791058308,my-rtb-bidder-1,145.31
1791058308,my-rtb-ad-manager-1,0.12
1791058308,my-rtb-schema-registry-1,0.38
1791058308,my-rtb-postgres-1,15.32
1791058308,my-rtb-redis-1,24.82
1791058308,my-rtb-kafka-1,34.03
1791058310,my-rtb-log-consumer-1,4.04
1791058310,my-rtb-bidder-1,84.42
1791058310,my-rtb-ad-manager-1,0.15
1791058310,my-rtb-schema-registry-1,0.34
1791058310,my-rtb-postgres-1,2.10
1791058310,my-rtb-redis-1,7.44
1791058310,my-rtb-kafka-1,5.02
1791058312,my-rtb-log-consumer-1,25.71
1791058312,my-rtb-bidder-1,150.71
1791058312,my-rtb-ad-manager-1,0.12
1791058312,my-rtb-schema-registry-1,0.49
1791058312,my-rtb-postgres-1,14.41
1791058312,my-rtb-redis-1,22.79
1791058312,my-rtb-kafka-1,35.22
1791058314,my-rtb-log-consumer-1,23.28
1791058314,my-rtb-bidder-1,115.91
1791058314,my-rtb-ad-manager-1,0.10
1791058314,my-rtb-schema-registry-1,0.38
1791058314,my-rtb-postgres-1,12.56
1791058314,my-rtb-redis-1,20.96
1791058314,my-rtb-kafka-1,32.13
1791058316,my-rtb-log-consumer-1,25.24
1791058316,my-rtb-bidder-1,136.70
1791058316,my-rtb-ad-manager-1,0.13
1791058316,my-rtb-schema-registry-1,0.32
1791058316,my-rtb-postgres-1,15.27
1791058316,my-rtb-redis-1,24.16
1791058316,my-rtb-kafka-1,36.43
1791058318,my-rtb-log-consumer-1,26.56
1791058318,my-rtb-bidder-1,137.75
1791058318,my-rtb-ad-manager-1,0.12
1791058318,my-rtb-schema-registry-1,0.31
1791058318,my-rtb-postgres-1,15.86
1791058318,my-rtb-redis-1,24.14
1791058318,my-rtb-kafka-1,35.33
1791058320,my-rtb-log-consumer-1,26.39
1791058320,my-rtb-bidder-1,139.20
1791058320,my-rtb-ad-manager-1,0.14
1791058320,my-rtb-schema-registry-1,0.38
1791058320,my-rtb-postgres-1,15.91
1791058320,my-rtb-redis-1,26.17
1791058320,my-rtb-kafka-1,36.36
1791058322,my-rtb-log-consumer-1,22.46
1791058322,my-rtb-bidder-1,105.66
1791058322,my-rtb-ad-manager-1,0.13
1791058322,my-rtb-schema-registry-1,0.26
1791058322,my-rtb-postgres-1,12.10
1791058322,my-rtb-redis-1,20.61
1791058322,my-rtb-kafka-1,31.36
1791058324,my-rtb-log-consumer-1,24.50
1791058324,my-rtb-bidder-1,117.17
1791058324,my-rtb-ad-manager-1,0.12
1791058324,my-rtb-schema-registry-1,0.27
1791058324,my-rtb-postgres-1,13.43
1791058324,my-rtb-redis-1,21.72
1791058324,my-rtb-kafka-1,42.36
1791058326,my-rtb-log-consumer-1,25.55
1791058326,my-rtb-bidder-1,129.89
1791058326,my-rtb-ad-manager-1,0.12
1791058326,my-rtb-schema-registry-1,0.40
1791058326,my-rtb-postgres-1,14.00
1791058326,my-rtb-redis-1,22.92
1791058326,my-rtb-kafka-1,35.73
1791058328,my-rtb-log-consumer-1,25.54
1791058328,my-rtb-bidder-1,134.78
1791058328,my-rtb-ad-manager-1,0.14
1791058328,my-rtb-schema-registry-1,0.37
1791058328,my-rtb-postgres-1,15.60
1791058328,my-rtb-redis-1,24.47
1791058328,my-rtb-kafka-1,32.93
1791058330,my-rtb-log-consumer-1,29.31
1791058330,my-rtb-bidder-1,144.99
1791058330,my-rtb-ad-manager-1,0.13
1791058330,my-rtb-schema-registry-1,0.39
1791058330,my-rtb-postgres-1,16.71
1791058330,my-rtb-redis-1,25.85
1791058330,my-rtb-kafka-1,39.54
1791058332,my-rtb-log-consumer-1,23.60
1791058332,my-rtb-bidder-1,115.02
1791058332,my-rtb-ad-manager-1,0.14
1791058332,my-rtb-schema-registry-1,0.32
1791058332,my-rtb-postgres-1,12.66
1791058332,my-rtb-redis-1,20.63
1791058332,my-rtb-kafka-1,32.45
1791058334,my-rtb-log-consumer-1,23.23
1791058334,my-rtb-bidder-1,119.57
1791058334,my-rtb-ad-manager-1,0.10
1791058334,my-rtb-schema-registry-1,0.32
1791058334,my-rtb-postgres-1,12.72
1791058334,my-rtb-redis-1,21.01
1791058334,my-rtb-kafka-1,32.16
1791058336,my-rtb-log-consumer-1,22.16
1791058336,my-rtb-bidder-1,108.76
1791058336,my-rtb-ad-manager-1,0.13
1791058336,my-rtb-schema-registry-1,0.22
1791058336,my-rtb-postgres-1,11.70
1791058336,my-rtb-redis-1,19.11
1791058336,my-rtb-kafka-1,30.21
1791058339,my-rtb-log-consumer-1,22.00
1791058339,my-rtb-bidder-1,100.68
1791058339,my-rtb-ad-manager-1,0.11
1791058339,my-rtb-schema-registry-1,0.34
1791058339,my-rtb-postgres-1,12.02
1791058339,my-rtb-redis-1,19.09
1791058339,my-rtb-kafka-1,29.56
1791058341,my-rtb-log-consumer-1,23.00
1791058341,my-rtb-bidder-1,109.77
1791058341,my-rtb-ad-manager-1,0.12
1791058341,my-rtb-schema-registry-1,0.30
1791058341,my-rtb-postgres-1,12.13
1791058341,my-rtb-redis-1,20.05
1791058341,my-rtb-kafka-1,33.60
1791058343,my-rtb-log-consumer-1,24.32
1791058343,my-rtb-bidder-1,132.72
1791058343,my-rtb-ad-manager-1,0.12
1791058343,my-rtb-schema-registry-1,0.34
1791058343,my-rtb-postgres-1,13.68
1791058343,my-rtb-redis-1,22.86
1791058343,my-rtb-kafka-1,33.96
1791058345,my-rtb-log-consumer-1,22.90
1791058345,my-rtb-bidder-1,113.09
1791058345,my-rtb-ad-manager-1,0.11
1791058345,my-rtb-schema-registry-1,0.40
1791058345,my-rtb-postgres-1,12.23
1791058345,my-rtb-redis-1,20.10
1791058345,my-rtb-kafka-1,31.25
1791058347,my-rtb-log-consumer-1,22.88
1791058347,my-rtb-bidder-1,108.45
1791058347,my-rtb-ad-manager-1,0.11
1791058347,my-rtb-schema-registry-1,0.31
1791058347,my-rtb-postgres-1,12.31
1791058347,my-rtb-redis-1,20.28
1791058347,my-rtb-kafka-1,31.29
1791058349,my-rtb-log-consumer-1,22.83
1791058349,my-rtb-bidder-1,100.19
1791058349,my-rtb-ad-manager-1,0.11
1791058349,my-rtb-schema-registry-1,0.52
1791058349,my-rtb-postgres-1,11.71
1791058349,my-rtb-redis-1,19.35
1791058349,my-rtb-kafka-1,30.61
1791058351,my-rtb-log-consumer-1,27.94
1791058351,my-rtb-bidder-1,151.43
1791058351,my-rtb-ad-manager-1,0.19
1791058351,my-rtb-schema-registry-1,0.54
1791058351,my-rtb-postgres-1,18.73
1791058351,my-rtb-redis-1,26.50
1791058351,my-rtb-kafka-1,33.92
1791058353,my-rtb-log-consumer-1,22.68
1791058353,my-rtb-bidder-1,119.54
1791058353,my-rtb-ad-manager-1,0.12
1791058353,my-rtb-schema-registry-1,0.35
1791058353,my-rtb-postgres-1,15.86
1791058353,my-rtb-redis-1,72.19
1791058353,my-rtb-kafka-1,28.57
1791058355,my-rtb-log-consumer-1,23.73
1791058355,my-rtb-bidder-1,114.52
1791058355,my-rtb-ad-manager-1,0.12
1791058355,my-rtb-schema-registry-1,0.29
1791058355,my-rtb-postgres-1,12.23
1791058355,my-rtb-redis-1,20.88
1791058355,my-rtb-kafka-1,34.19
1791058357,my-rtb-log-consumer-1,21.69
1791058357,my-rtb-bidder-1,104.94
1791058357,my-rtb-ad-manager-1,0.11
1791058357,my-rtb-schema-registry-1,0.32
1791058357,my-rtb-postgres-1,11.74
1791058357,my-rtb-redis-1,19.16
1791058357,my-rtb-kafka-1,29.16
1791058359,my-rtb-log-consumer-1,22.50
1791058359,my-rtb-bidder-1,107.16
1791058359,my-rtb-ad-manager-1,0.11
1791058359,my-rtb-schema-registry-1,0.27
1791058359,my-rtb-postgres-1,11.94
1791058359,my-rtb-redis-1,20.14
1791058359,my-rtb-kafka-1,31.07
1791058361,my-rtb-log-consumer-1,25.64
1791058361,my-rtb-bidder-1,119.29
1791058361,my-rtb-ad-manager-1,0.11
1791058361,my-rtb-schema-registry-1,0.34
1791058361,my-rtb-postgres-1,14.70
1791058361,my-rtb-redis-1,22.49
1791058361,my-rtb-kafka-1,34.35
1791058363,my-rtb-log-consumer-1,25.39
1791058363,my-rtb-bidder-1,142.85
1791058363,my-rtb-ad-manager-1,0.11
1791058363,my-rtb-schema-registry-1,1.57
1791058363,my-rtb-postgres-1,14.46
1791058363,my-rtb-redis-1,23.84
1791058363,my-rtb-kafka-1,38.52
1791058365,my-rtb-log-consumer-1,23.28
1791058365,my-rtb-bidder-1,125.59
1791058365,my-rtb-ad-manager-1,0.11
1791058365,my-rtb-schema-registry-1,0.29
1791058365,my-rtb-postgres-1,12.73
1791058365,my-rtb-redis-1,20.91
1791058365,my-rtb-kafka-1,32.10
1791058367,my-rtb-log-consumer-1,22.11
1791058367,my-rtb-bidder-1,105.78
1791058367,my-rtb-ad-manager-1,0.10
1791058367,my-rtb-schema-registry-1,0.34
1791058367,my-rtb-postgres-1,11.74
1791058367,my-rtb-redis-1,19.21
1791058367,my-rtb-kafka-1,29.79
1791058369,my-rtb-log-consumer-1,26.49
1791058369,my-rtb-bidder-1,143.11
1791058369,my-rtb-ad-manager-1,0.11
1791058369,my-rtb-schema-registry-1,15.99
1791058369,my-rtb-postgres-1,15.48
1791058369,my-rtb-redis-1,24.62
1791058369,my-rtb-kafka-1,36.67
1791058371,my-rtb-log-consumer-1,6.96
1791058371,my-rtb-bidder-1,61.56
1791058371,my-rtb-ad-manager-1,0.12
1791058371,my-rtb-schema-registry-1,0.37
1791058371,my-rtb-postgres-1,3.65
1791058371,my-rtb-redis-1,9.37
1791058371,my-rtb-kafka-1,11.68
1791058373,my-rtb-log-consumer-1,27.54
1791058373,my-rtb-bidder-1,156.84
1791058373,my-rtb-ad-manager-1,0.13
1791058373,my-rtb-schema-registry-1,0.44
1791058373,my-rtb-postgres-1,17.05
1791058373,my-rtb-redis-1,27.17
1791058373,my-rtb-kafka-1,32.75
1791058375,my-rtb-log-consumer-1,22.44
1791058375,my-rtb-bidder-1,112.65
1791058375,my-rtb-ad-manager-1,0.11
1791058375,my-rtb-schema-registry-1,0.31
1791058375,my-rtb-postgres-1,12.05
1791058375,my-rtb-redis-1,20.16
1791058375,my-rtb-kafka-1,30.69
1791058377,my-rtb-log-consumer-1,21.47
1791058377,my-rtb-bidder-1,96.89
1791058377,my-rtb-ad-manager-1,0.11
1791058377,my-rtb-schema-registry-1,0.31
1791058377,my-rtb-postgres-1,11.26
1791058377,my-rtb-redis-1,18.11
1791058377,my-rtb-kafka-1,29.70
1791058379,my-rtb-log-consumer-1,24.78
1791058379,my-rtb-bidder-1,125.37
1791058379,my-rtb-ad-manager-1,0.13
1791058379,my-rtb-schema-registry-1,0.32
1791058379,my-rtb-postgres-1,15.31
1791058379,my-rtb-redis-1,21.93
1791058379,my-rtb-kafka-1,33.99
1791058381,my-rtb-log-consumer-1,23.94
1791058381,my-rtb-bidder-1,124.80
1791058381,my-rtb-ad-manager-1,0.11
1791058381,my-rtb-schema-registry-1,0.30
1791058381,my-rtb-postgres-1,12.93
1791058381,my-rtb-redis-1,21.57
1791058381,my-rtb-kafka-1,33.00
1791058383,my-rtb-log-consumer-1,23.44
1791058383,my-rtb-bidder-1,111.32
1791058383,my-rtb-ad-manager-1,0.12
1791058383,my-rtb-schema-registry-1,0.30
1791058383,my-rtb-postgres-1,12.81
1791058383,my-rtb-redis-1,20.50
1791058383,my-rtb-kafka-1,31.48
1791058385,my-rtb-log-consumer-1,24.34
1791058385,my-rtb-bidder-1,124.10
1791058385,my-rtb-ad-manager-1,0.10
1791058385,my-rtb-schema-registry-1,0.28
1791058385,my-rtb-postgres-1,12.83
1791058385,my-rtb-redis-1,21.10
1791058385,my-rtb-kafka-1,32.62
1791058387,my-rtb-log-consumer-1,23.25
1791058387,my-rtb-bidder-1,125.21
1791058387,my-rtb-ad-manager-1,0.11
1791058387,my-rtb-schema-registry-1,0.29
1791058387,my-rtb-postgres-1,12.91
1791058387,my-rtb-redis-1,21.35
1791058387,my-rtb-kafka-1,34.89
1791058389,my-rtb-log-consumer-1,25.88
1791058389,my-rtb-bidder-1,146.90
1791058389,my-rtb-ad-manager-1,0.11
1791058389,my-rtb-schema-registry-1,0.36
1791058389,my-rtb-postgres-1,15.70
1791058389,my-rtb-redis-1,25.25
1791058389,my-rtb-kafka-1,34.26
1791058391,my-rtb-log-consumer-1,23.36
1791058391,my-rtb-bidder-1,115.80
1791058391,my-rtb-ad-manager-1,0.19
1791058391,my-rtb-schema-registry-1,0.32
1791058391,my-rtb-postgres-1,12.51
1791058391,my-rtb-redis-1,20.35
1791058391,my-rtb-kafka-1,31.84
1791058393,my-rtb-log-consumer-1,24.85
1791058393,my-rtb-bidder-1,126.15
1791058393,my-rtb-ad-manager-1,0.11
1791058393,my-rtb-schema-registry-1,0.31
1791058393,my-rtb-postgres-1,13.45
1791058393,my-rtb-redis-1,22.07
1791058393,my-rtb-kafka-1,34.54
1791058395,my-rtb-log-consumer-1,22.63
1791058395,my-rtb-bidder-1,122.84
1791058395,my-rtb-ad-manager-1,0.10
1791058395,my-rtb-schema-registry-1,0.30
1791058395,my-rtb-postgres-1,12.84
1791058395,my-rtb-redis-1,20.77
1791058395,my-rtb-kafka-1,30.88
1791058397,my-rtb-log-consumer-1,22.47
1791058397,my-rtb-bidder-1,107.05
1791058397,my-rtb-ad-manager-1,0.13
1791058397,my-rtb-schema-registry-1,0.31
1791058397,my-rtb-postgres-1,11.81
1791058397,my-rtb-redis-1,19.40
1791058397,my-rtb-kafka-1,30.80
1791058399,my-rtb-log-consumer-1,24.08
1791058399,my-rtb-bidder-1,133.98
1791058399,my-rtb-ad-manager-1,0.11
1791058399,my-rtb-schema-registry-1,0.31
1791058399,my-rtb-postgres-1,13.79
1791058399,my-rtb-redis-1,22.49
1791058399,my-rtb-kafka-1,37.09
1791058401,my-rtb-log-consumer-1,23.14
1791058401,my-rtb-bidder-1,118.10
1791058401,my-rtb-ad-manager-1,0.12
1791058401,my-rtb-schema-registry-1,0.31
1791058401,my-rtb-postgres-1,12.20
1791058401,my-rtb-redis-1,20.68
1791058401,my-rtb-kafka-1,31.37
1791058403,my-rtb-log-consumer-1,24.49
1791058403,my-rtb-bidder-1,127.44
1791058403,my-rtb-ad-manager-1,0.13
1791058403,my-rtb-schema-registry-1,0.28
1791058403,my-rtb-postgres-1,13.42
1791058403,my-rtb-redis-1,22.30
1791058403,my-rtb-kafka-1,33.83
1791058405,my-rtb-log-consumer-1,22.37
1791058405,my-rtb-bidder-1,107.28
1791058405,my-rtb-ad-manager-1,0.13
1791058405,my-rtb-schema-registry-1,0.24
1791058405,my-rtb-postgres-1,11.52
1791058405,my-rtb-redis-1,18.96
1791058405,my-rtb-kafka-1,29.49
1791058407,my-rtb-log-consumer-1,22.81
1791058407,my-rtb-bidder-1,112.58
1791058407,my-rtb-ad-manager-1,0.10
1791058407,my-rtb-schema-registry-1,0.30
1791058407,my-rtb-postgres-1,12.99
1791058407,my-rtb-redis-1,19.91
1791058407,my-rtb-kafka-1,31.07
1791058409,my-rtb-log-consumer-1,28.49
1791058409,my-rtb-bidder-1,141.79
1791058409,my-rtb-ad-manager-1,0.15
1791058409,my-rtb-schema-registry-1,0.40
1791058409,my-rtb-postgres-1,17.39
1791058409,my-rtb-redis-1,26.10
1791058409,my-rtb-kafka-1,38.39
1791058411,my-rtb-log-consumer-1,25.76
1791058411,my-rtb-bidder-1,136.22
1791058411,my-rtb-ad-manager-1,0.13
1791058411,my-rtb-schema-registry-1,0.36
1791058411,my-rtb-postgres-1,14.27
1791058411,my-rtb-redis-1,23.59
1791058411,my-rtb-kafka-1,34.35
1791058413,my-rtb-log-consumer-1,25.04
1791058413,my-rtb-bidder-1,153.24
1791058413,my-rtb-ad-manager-1,0.14
1791058413,my-rtb-schema-registry-1,0.59
1791058413,my-rtb-postgres-1,15.03
1791058413,my-rtb-redis-1,35.55
1791058413,my-rtb-kafka-1,38.89
1791058415,my-rtb-log-consumer-1,23.45
1791058415,my-rtb-bidder-1,120.33
1791058415,my-rtb-ad-manager-1,0.16
1791058415,my-rtb-schema-registry-1,0.27
1791058415,my-rtb-postgres-1,12.56
1791058415,my-rtb-redis-1,21.31
1791058415,my-rtb-kafka-1,32.15
1791058417,my-rtb-log-consumer-1,25.28
1791058417,my-rtb-bidder-1,137.29
1791058417,my-rtb-ad-manager-1,0.12
1791058417,my-rtb-schema-registry-1,0.29
1791058417,my-rtb-postgres-1,13.96
1791058417,my-rtb-redis-1,23.79
1791058417,my-rtb-kafka-1,34.96
1791058419,my-rtb-log-consumer-1,24.08
1791058419,my-rtb-bidder-1,135.19
1791058419,my-rtb-ad-manager-1,0.13
1791058419,my-rtb-schema-registry-1,0.32
1791058419,my-rtb-postgres-1,13.64
1791058419,my-rtb-redis-1,22.61
1791058419,my-rtb-kafka-1,33.64
1791058421,my-rtb-log-consumer-1,22.22
1791058421,my-rtb-bidder-1,113.81
1791058421,my-rtb-ad-manager-1,0.11
1791058421,my-rtb-schema-registry-1,0.36
1791058421,my-rtb-postgres-1,12.06
1791058421,my-rtb-redis-1,20.07
1791058421,my-rtb-kafka-1,30.32
1791058423,my-rtb-log-consumer-1,26.04
1791058423,my-rtb-bidder-1,134.76
1791058423,my-rtb-ad-manager-1,0.12
1791058423,my-rtb-schema-registry-1,0.35
1791058423,my-rtb-postgres-1,13.93
1791058423,my-rtb-redis-1,23.70
1791058423,my-rtb-kafka-1,36.55
1791058425,my-rtb-log-consumer-1,22.00
1791058425,my-rtb-bidder-1,102.37
1791058425,my-rtb-ad-manager-1,0.17
1791058425,my-rtb-schema-registry-1,0.29
1791058425,my-rtb-postgres-1,11.35
1791058425,my-rtb-redis-1,18.56
1791058425,my-rtb-kafka-1,28.81
1791058427,my-rtb-log-consumer-1,23.28
1791058427,my-rtb-bidder-1,124.72
1791058427,my-rtb-ad-manager-1,0.11
1791058427,my-rtb-schema-registry-1,0.30
1791058427,my-rtb-postgres-1,12.72
1791058427,my-rtb-redis-1,21.64
1791058427,my-rtb-kafka-1,39.04
1791058429,my-rtb-log-consumer-1,23.36
1791058429,my-rtb-bidder-1,114.97
1791058429,my-rtb-ad-manager-1,0.14
1791058429,my-rtb-schema-registry-1,0.29
1791058429,my-rtb-postgres-1,12.36
1791058429,my-rtb-redis-1,20.81
1791058429,my-rtb-kafka-1,31.29
1791058431,my-rtb-log-consumer-1,15.86
1791058431,my-rtb-bidder-1,104.04
1791058431,my-rtb-ad-manager-1,0.11
1791058431,my-rtb-schema-registry-1,0.30
1791058431,my-rtb-postgres-1,8.23
1791058431,my-rtb-redis-1,14.99
1791058431,my-rtb-kafka-1,21.54
1791058433,my-rtb-log-consumer-1,29.64
1791058433,my-rtb-bidder-1,147.53
1791058433,my-rtb-ad-manager-1,0.21
1791058433,my-rtb-schema-registry-1,0.43
1791058433,my-rtb-postgres-1,18.92
1791058433,my-rtb-redis-1,27.28
1791058433,my-rtb-kafka-1,38.31
1791058435,my-rtb-log-consumer-1,28.24
1791058435,my-rtb-bidder-1,151.74
1791058435,my-rtb-ad-manager-1,0.19
1791058435,my-rtb-schema-registry-1,0.35
1791058435,my-rtb-postgres-1,16.05
1791058435,my-rtb-redis-1,26.02
1791058435,my-rtb-kafka-1,39.88
1791058437,my-rtb-log-consumer-1,24.40
1791058437,my-rtb-bidder-1,128.33
1791058437,my-rtb-ad-manager-1,0.14
1791058437,my-rtb-schema-registry-1,0.98
1791058437,my-rtb-postgres-1,13.60
1791058437,my-rtb-redis-1,22.67
1791058437,my-rtb-kafka-1,33.25
1791058439,my-rtb-log-consumer-1,31.09
1791058439,my-rtb-bidder-1,166.86
1791058439,my-rtb-ad-manager-1,0.15
1791058439,my-rtb-schema-registry-1,0.55
1791058439,my-rtb-postgres-1,46.71
1791058439,my-rtb-redis-1,28.76
1791058439,my-rtb-kafka-1,41.52
1791058441,my-rtb-log-consumer-1,23.77
1791058441,my-rtb-bidder-1,106.59
1791058441,my-rtb-ad-manager-1,0.11
1791058441,my-rtb-schema-registry-1,0.26
1791058441,my-rtb-postgres-1,12.26
1791058441,my-rtb-redis-1,20.15
1791058441,my-rtb-kafka-1,31.84
1791058443,my-rtb-log-consumer-1,25.89
1791058443,my-rtb-bidder-1,155.99
1791058443,my-rtb-ad-manager-1,0.11
1791058443,my-rtb-schema-registry-1,0.38
1791058443,my-rtb-postgres-1,15.92
1791058443,my-rtb-redis-1,25.34
1791058443,my-rtb-kafka-1,40.28
1791058445,my-rtb-log-consumer-1,24.64
1791058445,my-rtb-bidder-1,143.17
1791058445,my-rtb-ad-manager-1,0.16
1791058445,my-rtb-schema-registry-1,0.27
1791058445,my-rtb-postgres-1,13.78
1791058445,my-rtb-redis-1,23.34
1791058445,my-rtb-kafka-1,33.64
1791058447,my-rtb-log-consumer-1,27.40
1791058447,my-rtb-bidder-1,131.71
1791058447,my-rtb-ad-manager-1,0.13
1791058447,my-rtb-schema-registry-1,0.32
1791058447,my-rtb-postgres-1,15.39
1791058447,my-rtb-redis-1,24.45
1791058447,my-rtb-kafka-1,34.99
1791058449,my-rtb-log-consumer-1,26.17
1791058449,my-rtb-bidder-1,154.04
1791058449,my-rtb-ad-manager-1,0.12
1791058449,my-rtb-schema-registry-1,0.39
1791058449,my-rtb-postgres-1,16.49
1791058449,my-rtb-redis-1,26.69
1791058449,my-rtb-kafka-1,34.41
1791058452,my-rtb-log-consumer-1,21.18
1791058452,my-rtb-bidder-1,98.28
1791058452,my-rtb-ad-manager-1,0.10
1791058452,my-rtb-schema-registry-1,0.26
1791058452,my-rtb-postgres-1,11.25
1791058452,my-rtb-redis-1,18.72
1791058452,my-rtb-kafka-1,29.15
1791058454,my-rtb-log-consumer-1,24.23
1791058454,my-rtb-bidder-1,128.46
1791058454,my-rtb-ad-manager-1,0.13
1791058454,my-rtb-schema-registry-1,0.34
1791058454,my-rtb-postgres-1,12.99
1791058454,my-rtb-redis-1,21.48
1791058454,my-rtb-kafka-1,33.52
1791058456,my-rtb-log-consumer-1,23.53
1791058456,my-rtb-bidder-1,124.76
1791058456,my-rtb-ad-manager-1,0.14
1791058456,my-rtb-schema-registry-1,0.32
1791058456,my-rtb-postgres-1,12.67
1791058456,my-rtb-redis-1,21.50
1791058456,my-rtb-kafka-1,32.61
1791058458,my-rtb-log-consumer-1,25.41
1791058458,my-rtb-bidder-1,133.19
1791058458,my-rtb-ad-manager-1,0.11
1791058458,my-rtb-schema-registry-1,0.29
1791058458,my-rtb-postgres-1,15.15
1791058458,my-rtb-redis-1,22.81
1791058458,my-rtb-kafka-1,33.87
1791058460,my-rtb-log-consumer-1,25.62
1791058460,my-rtb-bidder-1,121.85
1791058460,my-rtb-ad-manager-1,0.14
1791058460,my-rtb-schema-registry-1,0.39
1791058460,my-rtb-postgres-1,14.79
1791058460,my-rtb-redis-1,22.27
1791058460,my-rtb-kafka-1,33.09
1791058462,my-rtb-log-consumer-1,22.92
1791058462,my-rtb-bidder-1,119.94
1791058462,my-rtb-ad-manager-1,0.10
1791058462,my-rtb-schema-registry-1,0.30
1791058462,my-rtb-postgres-1,12.40
1791058462,my-rtb-redis-1,20.63
1791058462,my-rtb-kafka-1,31.32
1791058464,my-rtb-log-consumer-1,23.78
1791058464,my-rtb-bidder-1,113.86
1791058464,my-rtb-ad-manager-1,0.11
1791058464,my-rtb-schema-registry-1,0.27
1791058464,my-rtb-postgres-1,12.83
1791058464,my-rtb-redis-1,21.05
1791058464,my-rtb-kafka-1,32.60
1791058466,my-rtb-log-consumer-1,23.48
1791058466,my-rtb-bidder-1,120.45
1791058466,my-rtb-ad-manager-1,0.13
1791058466,my-rtb-schema-registry-1,0.56
1791058466,my-rtb-postgres-1,12.33
1791058466,my-rtb-redis-1,20.98
1791058466,my-rtb-kafka-1,32.94
1791058468,my-rtb-log-consumer-1,24.70
1791058468,my-rtb-bidder-1,131.83
1791058468,my-rtb-ad-manager-1,0.12
1791058468,my-rtb-schema-registry-1,0.35
1791058468,my-rtb-postgres-1,15.04
1791058468,my-rtb-redis-1,22.79
1791058468,my-rtb-kafka-1,34.08
1791058470,my-rtb-log-consumer-1,27.22
1791058470,my-rtb-bidder-1,143.34
1791058470,my-rtb-ad-manager-1,0.14
1791058470,my-rtb-schema-registry-1,0.35
1791058470,my-rtb-postgres-1,16.86
1791058470,my-rtb-redis-1,23.96
1791058470,my-rtb-kafka-1,32.80
1791058472,my-rtb-log-consumer-1,23.50
1791058472,my-rtb-bidder-1,115.10
1791058472,my-rtb-ad-manager-1,0.12
1791058472,my-rtb-schema-registry-1,0.25
1791058472,my-rtb-postgres-1,12.51
1791058472,my-rtb-redis-1,20.66
1791058472,my-rtb-kafka-1,32.62
1791058474,my-rtb-log-consumer-1,25.27
1791058474,my-rtb-bidder-1,132.91
1791058474,my-rtb-ad-manager-1,0.12
1791058474,my-rtb-schema-registry-1,0.61
1791058474,my-rtb-postgres-1,14.55
1791058474,my-rtb-redis-1,23.20
1791058474,my-rtb-kafka-1,34.15
1791058476,my-rtb-log-consumer-1,24.27
1791058476,my-rtb-bidder-1,144.47
1791058476,my-rtb-ad-manager-1,0.18
1791058476,my-rtb-schema-registry-1,0.35
1791058476,my-rtb-postgres-1,15.04
1791058476,my-rtb-redis-1,34.38
1791058476,my-rtb-kafka-1,32.79
1791058478,my-rtb-log-consumer-1,23.96
1791058478,my-rtb-bidder-1,138.48
1791058478,my-rtb-ad-manager-1,0.11
1791058478,my-rtb-schema-registry-1,0.28
1791058478,my-rtb-postgres-1,14.46
1791058478,my-rtb-redis-1,22.58
1791058478,my-rtb-kafka-1,29.45
1791058480,my-rtb-log-consumer-1,25.24
1791058480,my-rtb-bidder-1,122.49
1791058480,my-rtb-ad-manager-1,0.13
1791058480,my-rtb-schema-registry-1,0.56
1791058480,my-rtb-postgres-1,14.85
1791058480,my-rtb-redis-1,22.82
1791058480,my-rtb-kafka-1,33.64
1791058482,my-rtb-log-consumer-1,22.41
1791058482,my-rtb-bidder-1,121.76
1791058482,my-rtb-ad-manager-1,0.12
1791058482,my-rtb-schema-registry-1,0.26
1791058482,my-rtb-postgres-1,12.16
1791058482,my-rtb-redis-1,20.78
1791058482,my-rtb-kafka-1,31.03
1791058484,my-rtb-log-consumer-1,24.39
1791058484,my-rtb-bidder-1,120.48
1791058484,my-rtb-ad-manager-1,0.12
1791058484,my-rtb-schema-registry-1,0.30
1791058484,my-rtb-postgres-1,13.11
1791058484,my-rtb-redis-1,21.91
1791058484,my-rtb-kafka-1,37.39
1791058486,my-rtb-log-consumer-1,21.75
1791058486,my-rtb-bidder-1,103.14
1791058486,my-rtb-ad-manager-1,0.13
1791058486,my-rtb-schema-registry-1,0.30
1791058486,my-rtb-postgres-1,11.79
1791058486,my-rtb-redis-1,19.29
1791058486,my-rtb-kafka-1,30.88
1791058488,my-rtb-log-consumer-1,24.26
1791058488,my-rtb-bidder-1,114.75
1791058488,my-rtb-ad-manager-1,0.11
1791058488,my-rtb-schema-registry-1,0.33
1791058488,my-rtb-postgres-1,14.28
1791058488,my-rtb-redis-1,21.63
1791058488,my-rtb-kafka-1,31.31
1791058490,my-rtb-log-consumer-1,26.24
1791058490,my-rtb-bidder-1,130.98
1791058490,my-rtb-ad-manager-1,0.13
1791058490,my-rtb-schema-registry-1,0.28
1791058490,my-rtb-postgres-1,15.33
1791058490,my-rtb-redis-1,24.10
1791058490,my-rtb-kafka-1,34.51
1791058492,my-rtb-log-consumer-1,22.06
1791058492,my-rtb-bidder-1,107.30
1791058492,my-rtb-ad-manager-1,0.11
1791058492,my-rtb-schema-registry-1,0.25
1791058492,my-rtb-postgres-1,11.61
1791058492,my-rtb-redis-1,19.27
1791058492,my-rtb-kafka-1,29.36
1791058494,my-rtb-log-consumer-1,24.08
1791058494,my-rtb-bidder-1,148.43
1791058494,my-rtb-ad-manager-1,0.12
1791058494,my-rtb-schema-registry-1,0.45
1791058494,my-rtb-postgres-1,15.43
1791058494,my-rtb-redis-1,23.89
1791058494,my-rtb-kafka-1,31.45
1791058496,my-rtb-log-consumer-1,25.15
1791058496,my-rtb-bidder-1,125.71
1791058496,my-rtb-ad-manager-1,0.13
1791058496,my-rtb-schema-registry-1,0.30
1791058496,my-rtb-postgres-1,14.09
1791058496,my-rtb-redis-1,22.49
1791058496,my-rtb-kafka-1,33.83
1791058498,my-rtb-log-consumer-1,26.74
1791058498,my-rtb-bidder-1,134.82
1791058498,my-rtb-ad-manager-1,0.13
1791058498,my-rtb-schema-registry-1,0.42
1791058498,my-rtb-postgres-1,15.22
1791058498,my-rtb-redis-1,24.62
1791058498,my-rtb-kafka-1,35.13
1791058500,my-rtb-log-consumer-1,27.80
1791058500,my-rtb-bidder-1,151.73
1791058500,my-rtb-ad-manager-1,0.14
1791058500,my-rtb-schema-registry-1,0.36
1791058500,my-rtb-postgres-1,42.01
1791058500,my-rtb-redis-1,26.70
1791058500,my-rtb-kafka-1,36.56
1791058502,my-rtb-log-consumer-1,25.68
1791058502,my-rtb-bidder-1,122.16
1791058502,my-rtb-ad-manager-1,0.11
1791058502,my-rtb-schema-registry-1,0.27
1791058502,my-rtb-postgres-1,13.44
1791058502,my-rtb-redis-1,22.61
1791058502,my-rtb-kafka-1,34.91
1791058504,my-rtb-log-consumer-1,27.76
1791058504,my-rtb-bidder-1,169.81
1791058504,my-rtb-ad-manager-1,0.15
1791058504,my-rtb-schema-registry-1,0.36
1791058504,my-rtb-postgres-1,19.23
1791058504,my-rtb-redis-1,27.75
1791058504,my-rtb-kafka-1,32.91
1791058506,my-rtb-log-consumer-1,23.95
1791058506,my-rtb-bidder-1,122.85
1791058506,my-rtb-ad-manager-1,0.13
1791058506,my-rtb-schema-registry-1,0.30
1791058506,my-rtb-postgres-1,12.89
1791058506,my-rtb-redis-1,21.65
1791058506,my-rtb-kafka-1,33.36
1791058508,my-rtb-log-consumer-1,27.34
1791058508,my-rtb-bidder-1,129.19
1791058508,my-rtb-ad-manager-1,0.11
1791058508,my-rtb-schema-registry-1,0.32
1791058508,my-rtb-postgres-1,16.52
1791058508,my-rtb-redis-1,24.81
1791058508,my-rtb-kafka-1,36.78
1791058510,my-rtb-log-consumer-1,25.82
1791058510,my-rtb-bidder-1,121.99
1791058510,my-rtb-ad-manager-1,0.13
1791058510,my-rtb-schema-registry-1,0.31
1791058510,my-rtb-postgres-1,14.94
1791058510,my-rtb-redis-1,22.76
1791058510,my-rtb-kafka-1,33.92
1791058512,my-rtb-log-consumer-1,25.02
1791058512,my-rtb-bidder-1,138.78
1791058512,my-rtb-ad-manager-1,0.11
1791058512,my-rtb-schema-registry-1,0.70
1791058512,my-rtb-postgres-1,15.36
1791058512,my-rtb-redis-1,24.59
1791058512,my-rtb-kafka-1,34.50
1791058514,my-rtb-log-consumer-1,28.20
1791058514,my-rtb-bidder-1,144.51
1791058514,my-rtb-ad-manager-1,0.13
1791058514,my-rtb-schema-registry-1,0.75
1791058514,my-rtb-postgres-1,16.51
1791058514,my-rtb-redis-1,27.21
1791058514,my-rtb-kafka-1,43.96
1791058516,my-rtb-log-consumer-1,22.02
1791058516,my-rtb-bidder-1,102.67
1791058516,my-rtb-ad-manager-1,0.09
1791058516,my-rtb-schema-registry-1,0.22
1791058516,my-rtb-postgres-1,11.43
1791058516,my-rtb-redis-1,19.03
1791058516,my-rtb-kafka-1,29.76
1791058518,my-rtb-log-consumer-1,24.01
1791058518,my-rtb-bidder-1,122.13
1791058518,my-rtb-ad-manager-1,0.14
1791058518,my-rtb-schema-registry-1,0.30
1791058518,my-rtb-postgres-1,14.62
1791058518,my-rtb-redis-1,22.54
1791058518,my-rtb-kafka-1,30.98
1791058520,my-rtb-log-consumer-1,26.36
1791058520,my-rtb-bidder-1,135.55
1791058520,my-rtb-ad-manager-1,0.12
1791058520,my-rtb-schema-registry-1,0.29
1791058520,my-rtb-postgres-1,15.48
1791058520,my-rtb-redis-1,24.93
1791058520,my-rtb-kafka-1,34.84
1791058522,my-rtb-log-consumer-1,21.80
1791058522,my-rtb-bidder-1,99.02
1791058522,my-rtb-ad-manager-1,0.12
1791058522,my-rtb-schema-registry-1,0.24
1791058522,my-rtb-postgres-1,11.46
1791058522,my-rtb-redis-1,18.85
1791058522,my-rtb-kafka-1,32.62
1791058524,my-rtb-log-consumer-1,24.08
1791058524,my-rtb-bidder-1,121.49
1791058524,my-rtb-ad-manager-1,0.13
1791058524,my-rtb-schema-registry-1,0.29
1791058524,my-rtb-postgres-1,12.98
1791058524,my-rtb-redis-1,21.76
1791058524,my-rtb-kafka-1,33.20
1791058526,my-rtb-log-consumer-1,22.36
1791058526,my-rtb-bidder-1,108.29
1791058526,my-rtb-ad-manager-1,0.13
1791058526,my-rtb-schema-registry-1,0.22
1791058526,my-rtb-postgres-1,11.83
1791058526,my-rtb-redis-1,19.60
1791058526,my-rtb-kafka-1,30.74
1791058528,my-rtb-log-consumer-1,24.38
1791058528,my-rtb-bidder-1,114.01
1791058528,my-rtb-ad-manager-1,0.12
1791058528,my-rtb-schema-registry-1,0.26
1791058528,my-rtb-postgres-1,14.02
1791058528,my-rtb-redis-1,21.71
1791058528,my-rtb-kafka-1,35.78
1791058530,my-rtb-log-consumer-1,25.89
1791058530,my-rtb-bidder-1,123.61
1791058530,my-rtb-ad-manager-1,0.12
1791058530,my-rtb-schema-registry-1,0.37
1791058530,my-rtb-postgres-1,15.08
1791058530,my-rtb-redis-1,23.40
1791058530,my-rtb-kafka-1,33.72
1791058532,my-rtb-log-consumer-1,22.35
1791058532,my-rtb-bidder-1,106.07
1791058532,my-rtb-ad-manager-1,0.12
1791058532,my-rtb-schema-registry-1,0.27
1791058532,my-rtb-postgres-1,12.03
1791058532,my-rtb-redis-1,19.94
1791058532,my-rtb-kafka-1,30.55
1791058534,my-rtb-log-consumer-1,30.98
1791058534,my-rtb-bidder-1,158.26
1791058534,my-rtb-ad-manager-1,0.17
1791058534,my-rtb-schema-registry-1,0.46
1791058534,my-rtb-postgres-1,21.34
1791058534,my-rtb-redis-1,28.08
1791058534,my-rtb-kafka-1,35.42
1791058536,my-rtb-log-consumer-1,21.32
1791058536,my-rtb-bidder-1,130.38
1791058536,my-rtb-ad-manager-1,0.13
1791058536,my-rtb-schema-registry-1,0.47
1791058536,my-rtb-postgres-1,15.32
1791058536,my-rtb-redis-1,71.54
1791058536,my-rtb-kafka-1,25.43
1791058538,my-rtb-log-consumer-1,25.54
1791058538,my-rtb-bidder-1,122.48
1791058538,my-rtb-ad-manager-1,0.79
1791058538,my-rtb-schema-registry-1,0.32
1791058538,my-rtb-postgres-1,14.79
1791058538,my-rtb-redis-1,23.67
1791058538,my-rtb-kafka-1,33.41
1791058540,my-rtb-log-consumer-1,50.39
1791058540,my-rtb-bidder-1,155.79
1791058540,my-rtb-ad-manager-1,0.14
1791058540,my-rtb-schema-registry-1,0.31
1791058540,my-rtb-postgres-1,19.57
1791058540,my-rtb-redis-1,28.92
1791058540,my-rtb-kafka-1,49.49
1791058542,my-rtb-log-consumer-1,56.92
1791058542,my-rtb-bidder-1,134.46
1791058542,my-rtb-ad-manager-1,0.13
1791058542,my-rtb-schema-registry-1,2.33
1791058542,my-rtb-postgres-1,14.78
1791058542,my-rtb-redis-1,23.30
1791058542,my-rtb-kafka-1,31.29
1791058544,my-rtb-log-consumer-1,25.44
1791058544,my-rtb-bidder-1,134.67
1791058544,my-rtb-ad-manager-1,0.12
1791058544,my-rtb-schema-registry-1,2.48
1791058544,my-rtb-postgres-1,14.68
1791058544,my-rtb-redis-1,23.46
1791058544,my-rtb-kafka-1,39.05
1791058546,my-rtb-log-consumer-1,23.27
1791058546,my-rtb-bidder-1,117.19
1791058546,my-rtb-ad-manager-1,0.12
1791058546,my-rtb-schema-registry-1,0.79
1791058546,my-rtb-postgres-1,12.15
1791058546,my-rtb-redis-1,20.40
1791058546,my-rtb-kafka-1,32.93
1791058548,my-rtb-log-consumer-1,24.96
1791058548,my-rtb-bidder-1,123.12
1791058548,my-rtb-ad-manager-1,0.13
1791058548,my-rtb-schema-registry-1,0.37
1791058548,my-rtb-postgres-1,14.78
1791058548,my-rtb-redis-1,22.78
1791058548,my-rtb-kafka-1,32.55
1791058550,my-rtb-log-consumer-1,25.97
1791058550,my-rtb-bidder-1,135.07
1791058550,my-rtb-ad-manager-1,0.24
1791058550,my-rtb-schema-registry-1,0.30
1791058550,my-rtb-postgres-1,15.18
1791058550,my-rtb-redis-1,23.77
1791058550,my-rtb-kafka-1,34.38
1791058552,my-rtb-log-consumer-1,22.30
1791058552,my-rtb-bidder-1,108.05
1791058552,my-rtb-ad-manager-1,0.14
1791058552,my-rtb-schema-registry-1,0.27
1791058552,my-rtb-postgres-1,11.82
1791058552,my-rtb-redis-1,19.39
1791058552,my-rtb-kafka-1,29.73
1791058554,my-rtb-log-consumer-1,12.05
1791058554,my-rtb-bidder-1,103.25
1791058554,my-rtb-ad-manager-1,0.13
1791058554,my-rtb-schema-registry-1,0.49
1791058554,my-rtb-postgres-1,6.35
1791058554,my-rtb-redis-1,14.80
1791058554,my-rtb-kafka-1,19.97
1791058556,my-rtb-log-consumer-1,23.99
1791058556,my-rtb-bidder-1,121.13
1791058556,my-rtb-ad-manager-1,0.12
1791058556,my-rtb-schema-registry-1,0.48
1791058556,my-rtb-postgres-1,12.90
1791058556,my-rtb-redis-1,21.59
1791058556,my-rtb-kafka-1,32.84
1791058559,my-rtb-log-consumer-1,26.26
1791058559,my-rtb-bidder-1,127.36
1791058559,my-rtb-ad-manager-1,0.12
1791058559,my-rtb-schema-registry-1,0.33
1791058559,my-rtb-postgres-1,14.81
1791058559,my-rtb-redis-1,22.81
1791058559,my-rtb-kafka-1,32.49
1791058561,my-rtb-log-consumer-1,24.37
1791058561,my-rtb-bidder-1,112.07
1791058561,my-rtb-ad-manager-1,0.11
1791058561,my-rtb-schema-registry-1,0.31
1791058561,my-rtb-postgres-1,12.29
1791058561,my-rtb-redis-1,19.89
1791058561,my-rtb-kafka-1,31.41
1791058563,my-rtb-log-consumer-1,26.36
1791058563,my-rtb-bidder-1,139.55
1791058563,my-rtb-ad-manager-1,0.13
1791058563,my-rtb-schema-registry-1,0.38
1791058563,my-rtb-postgres-1,16.09
1791058563,my-rtb-redis-1,25.48
1791058563,my-rtb-kafka-1,35.64
1791058565,my-rtb-log-consumer-1,25.35
1791058565,my-rtb-bidder-1,127.32
1791058565,my-rtb-ad-manager-1,0.11
1791058565,my-rtb-schema-registry-1,0.31
1791058565,my-rtb-postgres-1,13.38
1791058565,my-rtb-redis-1,22.70
1791058565,my-rtb-kafka-1,36.95
1791058567,my-rtb-log-consumer-1,21.76
1791058567,my-rtb-bidder-1,102.69
1791058567,my-rtb-ad-manager-1,0.12
1791058567,my-rtb-schema-registry-1,0.33
1791058567,my-rtb-postgres-1,11.40
1791058567,my-rtb-redis-1,18.85
1791058567,my-rtb-kafka-1,30.96
1791058569,my-rtb-log-consumer-1,24.07
1791058569,my-rtb-bidder-1,128.06
1791058569,my-rtb-ad-manager-1,0.11
1791058569,my-rtb-schema-registry-1,0.34
1791058569,my-rtb-postgres-1,13.41
1791058569,my-rtb-redis-1,22.20
1791058569,my-rtb-kafka-1,34.08
1791058571,my-rtb-log-consumer-1,24.27
1791058571,my-rtb-bidder-1,121.18
1791058571,my-rtb-ad-manager-1,0.11
1791058571,my-rtb-schema-registry-1,0.30
1791058571,my-rtb-postgres-1,12.93
1791058571,my-rtb-redis-1,23.44
1791058571,my-rtb-kafka-1,33.20
1791058573,my-rtb-log-consumer-1,22.29
1791058573,my-rtb-bidder-1,112.90
1791058573,my-rtb-ad-manager-1,0.09
1791058573,my-rtb-schema-registry-1,0.29
1791058573,my-rtb-postgres-1,12.20
1791058573,my-rtb-redis-1,21.68
1791058573,my-rtb-kafka-1,30.70
1791058575,my-rtb-log-consumer-1,23.68
1791058575,my-rtb-bidder-1,123.43
1791058575,my-rtb-ad-manager-1,0.13
1791058575,my-rtb-schema-registry-1,0.52
1791058575,my-rtb-postgres-1,13.49
1791058575,my-rtb-redis-1,24.42
1791058575,my-rtb-kafka-1,36.85
1791058577,my-rtb-log-consumer-1,23.53
1791058577,my-rtb-bidder-1,122.24
1791058577,my-rtb-ad-manager-1,0.11
1791058577,my-rtb-schema-registry-1,0.29
1791058577,my-rtb-postgres-1,12.74
1791058577,my-rtb-redis-1,21.73
1791058577,my-rtb-kafka-1,32.38
1791058579,my-rtb-log-consumer-1,23.46
1791058579,my-rtb-bidder-1,126.62
1791058579,my-rtb-ad-manager-1,0.13
1791058579,my-rtb-schema-registry-1,3.07
1791058579,my-rtb-postgres-1,13.58
1791058579,my-rtb-redis-1,22.17
1791058579,my-rtb-kafka-1,31.88
1791058581,my-rtb-log-consumer-1,23.54
1791058581,my-rtb-bidder-1,120.37
1791058581,my-rtb-ad-manager-1,0.11
1791058581,my-rtb-schema-registry-1,0.25
1791058581,my-rtb-postgres-1,12.68
1791058581,my-rtb-redis-1,21.10
1791058581,my-rtb-kafka-1,33.09
1791058583,my-rtb-log-consumer-1,21.45
1791058583,my-rtb-bidder-1,97.93
1791058583,my-rtb-ad-manager-1,0.10
1791058583,my-rtb-schema-registry-1,0.23
1791058583,my-rtb-postgres-1,11.29
1791058583,my-rtb-redis-1,18.36
1791058583,my-rtb-kafka-1,29.30
1791058585,my-rtb-log-consumer-1,25.24
1791058585,my-rtb-bidder-1,139.34
1791058585,my-rtb-ad-manager-1,0.12
1791058585,my-rtb-schema-registry-1,0.35
1791058585,my-rtb-postgres-1,13.81
1791058585,my-rtb-redis-1,23.29
1791058585,my-rtb-kafka-1,34.95
1791058587,my-rtb-log-consumer-1,24.66
1791058587,my-rtb-bidder-1,145.71
1791058587,my-rtb-ad-manager-1,0.13
1791058587,my-rtb-schema-registry-1,0.26
1791058587,my-rtb-postgres-1,14.24
1791058587,my-rtb-redis-1,23.57
1791058587,my-rtb-kafka-1,34.00
1791058589,my-rtb-log-consumer-1,22.16
1791058589,my-rtb-bidder-1,102.94
1791058589,my-rtb-ad-manager-1,0.11
1791058589,my-rtb-schema-registry-1,0.39
1791058589,my-rtb-postgres-1,11.85
1791058589,my-rtb-redis-1,19.43
1791058589,my-rtb-kafka-1,31.68
1791058591,my-rtb-log-consumer-1,22.27
1791058591,my-rtb-bidder-1,111.85
1791058591,my-rtb-ad-manager-1,0.10
1791058591,my-rtb-schema-registry-1,0.29
1791058591,my-rtb-postgres-1,11.84
1791058591,my-rtb-redis-1,19.83
1791058591,my-rtb-kafka-1,30.60
1791058593,my-rtb-log-consumer-1,29.20
1791058593,my-rtb-bidder-1,147.21
1791058593,my-rtb-ad-manager-1,0.12
1791058593,my-rtb-schema-registry-1,0.33
1791058593,my-rtb-postgres-1,18.33
1791058593,my-rtb-redis-1,27.02
1791058593,my-rtb-kafka-1,38.71
1791058595,my-rtb-log-consumer-1,23.84
1791058595,my-rtb-bidder-1,121.55
1791058595,my-rtb-ad-manager-1,0.11
1791058595,my-rtb-schema-registry-1,0.30
1791058595,my-rtb-postgres-1,13.29
1791058595,my-rtb-redis-1,21.17
1791058595,my-rtb-kafka-1,34.10
1791058597,my-rtb-log-consumer-1,23.48
1791058597,my-rtb-bidder-1,149.57
1791058597,my-rtb-ad-manager-1,0.16
1791058597,my-rtb-schema-registry-1,0.37
1791058597,my-rtb-postgres-1,17.57
1791058597,my-rtb-redis-1,88.67
1791058597,my-rtb-kafka-1,27.90
1791058599,my-rtb-log-consumer-1,28.07
1791058599,my-rtb-bidder-1,160.33
1791058599,my-rtb-ad-manager-1,0.15
1791058599,my-rtb-schema-registry-1,0.47
1791058599,my-rtb-postgres-1,19.68
1791058599,my-rtb-redis-1,27.51
1791058599,my-rtb-kafka-1,31.42
1791058601,my-rtb-log-consumer-1,28.94
1791058601,my-rtb-bidder-1,130.75
1791058601,my-rtb-ad-manager-1,0.12
1791058601,my-rtb-schema-registry-1,0.28
1791058601,my-rtb-postgres-1,14.81
1791058601,my-rtb-redis-1,23.60
1791058601,my-rtb-kafka-1,35.79
1791058603,my-rtb-log-consumer-1,23.86
1791058603,my-rtb-bidder-1,117.13
1791058603,my-rtb-ad-manager-1,0.10
1791058603,my-rtb-schema-registry-1,0.48
1791058603,my-rtb-postgres-1,12.27
1791058603,my-rtb-redis-1,20.61
1791058603,my-rtb-kafka-1,31.40
1791058605,my-rtb-log-consumer-1,25.89
1791058605,my-rtb-bidder-1,142.78
1791058605,my-rtb-ad-manager-1,0.12
1791058605,my-rtb-schema-registry-1,0.47
1791058605,my-rtb-postgres-1,14.92
1791058605,my-rtb-redis-1,24.60
1791058605,my-rtb-kafka-1,36.30
1791058607,my-rtb-log-consumer-1,22.75
1791058607,my-rtb-bidder-1,113.50
1791058607,my-rtb-ad-manager-1,0.11
1791058607,my-rtb-schema-registry-1,0.31
1791058607,my-rtb-postgres-1,11.88
1791058607,my-rtb-redis-1,20.27
1791058607,my-rtb-kafka-1,30.66
1791058609,my-rtb-log-consumer-1,24.67
1791058609,my-rtb-bidder-1,134.75
1791058609,my-rtb-ad-manager-1,0.12
1791058609,my-rtb-schema-registry-1,0.34
1791058609,my-rtb-postgres-1,14.16
1791058609,my-rtb-redis-1,22.18
1791058609,my-rtb-kafka-1,36.88
1791058611,my-rtb-log-consumer-1,23.92
1791058611,my-rtb-bidder-1,144.61
1791058611,my-rtb-ad-manager-1,0.14
1791058611,my-rtb-schema-registry-1,0.40
1791058611,my-rtb-postgres-1,14.43
1791058611,my-rtb-redis-1,21.63
1791058611,my-rtb-kafka-1,31.86
1791058613,my-rtb-log-consumer-1,24.04
1791058613,my-rtb-bidder-1,122.87
1791058613,my-rtb-ad-manager-1,0.11
1791058613,my-rtb-schema-registry-1,0.32
1791058613,my-rtb-postgres-1,13.01
1791058613,my-rtb-redis-1,22.05
1791058613,my-rtb-kafka-1,35.66
1791058615,my-rtb-log-consumer-1,1.57
1791058615,my-rtb-bidder-1,63.19
1791058615,my-rtb-ad-manager-1,0.12
1791058615,my-rtb-schema-registry-1,0.38
1791058615,my-rtb-postgres-1,0.46
1791058615,my-rtb-redis-1,5.10
1791058615,my-rtb-kafka-1,2.58
1791058617,my-rtb-log-consumer-1,24.91
1791058617,my-rtb-bidder-1,129.88
1791058617,my-rtb-ad-manager-1,0.11
1791058617,my-rtb-schema-registry-1,0.36
1791058617,my-rtb-postgres-1,13.33
1791058617,my-rtb-redis-1,22.42
1791058617,my-rtb-kafka-1,34.99
1791058619,my-rtb-log-consumer-1,26.10
1791058619,my-rtb-bidder-1,145.11
1791058619,my-rtb-ad-manager-1,0.11
1791058619,my-rtb-schema-registry-1,0.32
1791058619,my-rtb-postgres-1,18.12
1791058619,my-rtb-redis-1,24.44
1791058619,my-rtb-kafka-1,38.67
1791058621,my-rtb-log-consumer-1,23.59
1791058621,my-rtb-bidder-1,123.14
1791058621,my-rtb-ad-manager-1,0.11
1791058621,my-rtb-schema-registry-1,0.29
1791058621,my-rtb-postgres-1,12.94
1791058621,my-rtb-redis-1,21.40
1791058621,my-rtb-kafka-1,35.27
1791058623,my-rtb-log-consumer-1,28.43
1791058623,my-rtb-bidder-1,138.47
1791058623,my-rtb-ad-manager-1,0.15
1791058623,my-rtb-schema-registry-1,0.50
1791058623,my-rtb-postgres-1,17.63
1791058623,my-rtb-redis-1,26.19
1791058623,my-rtb-kafka-1,37.80
1791058625,my-rtb-log-consumer-1,23.81
1791058625,my-rtb-bidder-1,114.43
1791058625,my-rtb-ad-manager-1,0.12
1791058625,my-rtb-schema-registry-1,0.27
1791058625,my-rtb-postgres-1,13.54
1791058625,my-rtb-redis-1,21.54
1791058625,my-rtb-kafka-1,32.78
1791058627,my-rtb-log-consumer-1,24.98
1791058627,my-rtb-bidder-1,132.48
1791058627,my-rtb-ad-manager-1,0.20
1791058627,my-rtb-schema-registry-1,0.31
1791058627,my-rtb-postgres-1,15.62
1791058627,my-rtb-redis-1,22.74
1791058627,my-rtb-kafka-1,33.74
1791058629,my-rtb-log-consumer-1,22.97
1791058629,my-rtb-bidder-1,113.93
1791058629,my-rtb-ad-manager-1,0.11
1791058629,my-rtb-schema-registry-1,0.50
1791058629,my-rtb-postgres-1,12.42
1791058629,my-rtb-redis-1,20.17
1791058629,my-rtb-kafka-1,31.52
1791058631,my-rtb-log-consumer-1,24.09
1791058631,my-rtb-bidder-1,122.45
1791058631,my-rtb-ad-manager-1,0.11
1791058631,my-rtb-schema-registry-1,0.26
1791058631,my-rtb-postgres-1,12.70
1791058631,my-rtb-redis-1,21.03
1791058631,my-rtb-kafka-1,32.62
1791058633,my-rtb-log-consumer-1,26.77
1791058633,my-rtb-bidder-1,125.19
1791058633,my-rtb-ad-manager-1,0.12
1791058633,my-rtb-schema-registry-1,23.73
1791058633,my-rtb-postgres-1,15.12
1791058633,my-rtb-redis-1,23.63
1791058633,my-rtb-kafka-1,37.82
1791058635,my-rtb-log-consumer-1,23.52
1791058635,my-rtb-bidder-1,119.17
1791058635,my-rtb-ad-manager-1,0.24
1791058635,my-rtb-schema-registry-1,0.35
1791058635,my-rtb-postgres-1,12.55
1791058635,my-rtb-redis-1,21.25
1791058635,my-rtb-kafka-1,32.95
1791058637,my-rtb-log-consumer-1,23.31
1791058637,my-rtb-bidder-1,115.04
1791058637,my-rtb-ad-manager-1,0.09
1791058637,my-rtb-schema-registry-1,0.26
1791058637,my-rtb-postgres-1,12.32
1791058637,my-rtb-redis-1,20.42
1791058637,my-rtb-kafka-1,31.85
1791058639,my-rtb-log-consumer-1,24.67
1791058639,my-rtb-bidder-1,132.04
1791058639,my-rtb-ad-manager-1,0.11
1791058639,my-rtb-schema-registry-1,0.26
1791058639,my-rtb-postgres-1,13.66
1791058639,my-rtb-redis-1,22.27
1791058639,my-rtb-kafka-1,33.62
1791058641,my-rtb-log-consumer-1,23.60
1791058641,my-rtb-bidder-1,121.88
1791058641,my-rtb-ad-manager-1,0.11
1791058641,my-rtb-schema-registry-1,0.29
1791058641,my-rtb-postgres-1,12.70
1791058641,my-rtb-redis-1,21.18
1791058641,my-rtb-kafka-1,32.78
1791058643,my-rtb-log-consumer-1,23.11
1791058643,my-rtb-bidder-1,115.41
1791058643,my-rtb-ad-manager-1,0.11
1791058643,my-rtb-schema-registry-1,0.26
1791058643,my-rtb-postgres-1,12.23
1791058643,my-rtb-redis-1,20.62
1791058643,my-rtb-kafka-1,33.62
1791058645,my-rtb-log-consumer-1,27.26
1791058645,my-rtb-bidder-1,138.52
1791058645,my-rtb-ad-manager-1,0.17
1791058645,my-rtb-schema-registry-1,0.32
1791058645,my-rtb-postgres-1,15.27
1791058645,my-rtb-redis-1,24.73
1791058645,my-rtb-kafka-1,58.34
1791058647,my-rtb-log-consumer-1,26.83
1791058647,my-rtb-bidder-1,143.35
1791058647,my-rtb-ad-manager-1,0.12
1791058647,my-rtb-schema-registry-1,0.44
1791058647,my-rtb-postgres-1,17.62
1791058647,my-rtb-redis-1,27.16
1791058647,my-rtb-kafka-1,38.07
1791058649,my-rtb-log-consumer-1,21.83
1791058649,my-rtb-bidder-1,99.94
1791058649,my-rtb-ad-manager-1,0.11
1791058649,my-rtb-schema-registry-1,0.26
1791058649,my-rtb-postgres-1,11.63
1791058649,my-rtb-redis-1,19.28
1791058649,my-rtb-kafka-1,30.01
1791058651,my-rtb-log-consumer-1,22.65
1791058651,my-rtb-bidder-1,99.88
1791058651,my-rtb-ad-manager-1,0.10
1791058651,my-rtb-schema-registry-1,0.30
1791058651,my-rtb-postgres-1,11.74
1791058651,my-rtb-redis-1,19.03
1791058651,my-rtb-kafka-1,32.34
1791058653,my-rtb-log-consumer-1,27.67
1791058653,my-rtb-bidder-1,161.12
1791058653,my-rtb-ad-manager-1,0.14
1791058653,my-rtb-schema-registry-1,0.38
1791058653,my-rtb-postgres-1,16.88
1791058653,my-rtb-redis-1,26.74
1791058653,my-rtb-kafka-1,39.90
1791058655,my-rtb-log-consumer-1,25.91
1791058655,my-rtb-bidder-1,140.11
1791058655,my-rtb-ad-manager-1,0.17
1791058655,my-rtb-schema-registry-1,0.27
1791058655,my-rtb-postgres-1,14.84
1791058655,my-rtb-redis-1,23.77
1791058655,my-rtb-kafka-1,36.57
1791058657,my-rtb-log-consumer-1,25.24
1791058657,my-rtb-bidder-1,121.03
1791058657,my-rtb-ad-manager-1,0.12
1791058657,my-rtb-schema-registry-1,0.57
1791058657,my-rtb-postgres-1,15.74
1791058657,my-rtb-redis-1,21.98
1791058657,my-rtb-kafka-1,30.84
1791058659,my-rtb-log-consumer-1,20.32
1791058659,my-rtb-bidder-1,134.88
1791058659,my-rtb-ad-manager-1,0.13
1791058659,my-rtb-schema-registry-1,0.40
1791058659,my-rtb-postgres-1,18.30
1791058659,my-rtb-redis-1,100.28
1791058659,my-rtb-kafka-1,20.75
1791058661,my-rtb-log-consumer-1,23.68
1791058661,my-rtb-bidder-1,119.89
1791058661,my-rtb-ad-manager-1,0.11
1791058661,my-rtb-schema-registry-1,0.30
1791058661,my-rtb-postgres-1,12.85
1791058661,my-rtb-redis-1,21.42
1791058661,my-rtb-kafka-1,34.79
1791058663,my-rtb-log-consumer-1,23.61
1791058663,my-rtb-bidder-1,117.68
1791058663,my-rtb-ad-manager-1,0.13
1791058663,my-rtb-schema-registry-1,0.35
1791058663,my-rtb-postgres-1,12.59
1791058663,my-rtb-redis-1,21.00
1791058663,my-rtb-kafka-1,32.97
1791058666,my-rtb-log-consumer-1,23.34
1791058666,my-rtb-bidder-1,119.75
1791058666,my-rtb-ad-manager-1,0.15
1791058666,my-rtb-schema-registry-1,0.29
1791058666,my-rtb-postgres-1,12.70
1791058666,my-rtb-redis-1,21.38
1791058666,my-rtb-kafka-1,33.77
1791058668,my-rtb-log-consumer-1,24.60
1791058668,my-rtb-bidder-1,130.56
1791058668,my-rtb-ad-manager-1,0.12
1791058668,my-rtb-schema-registry-1,0.27
1791058668,my-rtb-postgres-1,14.25
1791058668,my-rtb-redis-1,23.08
1791058668,my-rtb-kafka-1,33.88
1791058670,my-rtb-log-consumer-1,25.80
1791058670,my-rtb-bidder-1,124.84
1791058670,my-rtb-ad-manager-1,0.14
1791058670,my-rtb-schema-registry-1,0.31
1791058670,my-rtb-postgres-1,14.99
1791058670,my-rtb-redis-1,24.62
1791058670,my-rtb-kafka-1,34.82
1791058672,my-rtb-log-consumer-1,22.76
1791058672,my-rtb-bidder-1,110.90
1791058672,my-rtb-ad-manager-1,0.10
1791058672,my-rtb-schema-registry-1,0.29
1791058672,my-rtb-postgres-1,12.19
1791058672,my-rtb-redis-1,20.36
1791058672,my-rtb-kafka-1,31.86
1791058674,my-rtb-log-consumer-1,21.74
1791058674,my-rtb-bidder-1,102.41
1791058674,my-rtb-ad-manager-1,0.09
1791058674,my-rtb-schema-registry-1,0.28
1791058674,my-rtb-postgres-1,11.66
1791058674,my-rtb-redis-1,21.23
1791058674,my-rtb-kafka-1,30.21
1791058676,my-rtb-log-consumer-1,10.89
1791058676,my-rtb-bidder-1,87.11
1791058676,my-rtb-ad-manager-1,0.15
1791058676,my-rtb-schema-registry-1,0.31
1791058676,my-rtb-postgres-1,5.62
1791058676,my-rtb-redis-1,12.57
1791058676,my-rtb-kafka-1,17.25
1791058678,my-rtb-log-consumer-1,27.35
1791058678,my-rtb-bidder-1,147.76
1791058678,my-rtb-ad-manager-1,0.14
1791058678,my-rtb-schema-registry-1,0.42
1791058678,my-rtb-postgres-1,17.81
1791058678,my-rtb-redis-1,31.23
1791058678,my-rtb-kafka-1,33.03
1791058680,my-rtb-log-consumer-1,26.38
1791058680,my-rtb-bidder-1,148.02
1791058680,my-rtb-ad-manager-1,0.12
1791058680,my-rtb-schema-registry-1,0.36
1791058680,my-rtb-postgres-1,50.27
1791058680,my-rtb-redis-1,27.33
1791058680,my-rtb-kafka-1,32.58
1791058682,my-rtb-log-consumer-1,23.57
1791058682,my-rtb-bidder-1,119.22
1791058682,my-rtb-ad-manager-1,0.09
1791058682,my-rtb-schema-registry-1,0.30
1791058682,my-rtb-postgres-1,12.61
1791058682,my-rtb-redis-1,20.78
1791058682,my-rtb-kafka-1,34.15
1791058684,my-rtb-log-consumer-1,22.92
1791058684,my-rtb-bidder-1,122.16
1791058684,my-rtb-ad-manager-1,0.10
1791058684,my-rtb-schema-registry-1,0.33
1791058684,my-rtb-postgres-1,12.79
1791058684,my-rtb-redis-1,20.89
1791058684,my-rtb-kafka-1,32.67
1791058686,my-rtb-log-consumer-1,24.97
1791058686,my-rtb-bidder-1,125.44
1791058686,my-rtb-ad-manager-1,0.16
1791058686,my-rtb-schema-registry-1,0.25
1791058686,my-rtb-postgres-1,13.39
1791058686,my-rtb-redis-1,22.28
1791058686,my-rtb-kafka-1,35.24
1791058688,my-rtb-log-consumer-1,23.98
1791058688,my-rtb-bidder-1,150.94
1791058688,my-rtb-ad-manager-1,0.13
1791058688,my-rtb-schema-registry-1,0.34
1791058688,my-rtb-postgres-1,15.58
1791058688,my-rtb-redis-1,24.60
1791058688,my-rtb-kafka-1,30.66
1791058690,my-rtb-log-consumer-1,28.18
1791058690,my-rtb-bidder-1,158.66
1791058690,my-rtb-ad-manager-1,0.60
1791058690,my-rtb-schema-registry-1,0.42
1791058690,my-rtb-postgres-1,17.31
1791058690,my-rtb-redis-1,27.09
1791058690,my-rtb-kafka-1,36.06
1791058692,my-rtb-log-consumer-1,23.08
1791058692,my-rtb-bidder-1,123.08
1791058692,my-rtb-ad-manager-1,0.11
1791058692,my-rtb-schema-registry-1,0.33
1791058692,my-rtb-postgres-1,12.82
1791058692,my-rtb-redis-1,21.37
1791058692,my-rtb-kafka-1,32.85
1791058694,my-rtb-log-consumer-1,24.42
1791058694,my-rtb-bidder-1,136.65
1791058694,my-rtb-ad-manager-1,0.10
1791058694,my-rtb-schema-registry-1,0.30
1791058694,my-rtb-postgres-1,13.53
1791058694,my-rtb-redis-1,22.80
1791058694,my-rtb-kafka-1,33.93
1791058696,my-rtb-log-consumer-1,23.75
1791058696,my-rtb-bidder-1,121.12
1791058696,my-rtb-ad-manager-1,0.17
1791058696,my-rtb-schema-registry-1,0.29
1791058696,my-rtb-postgres-1,12.69
1791058696,my-rtb-redis-1,21.25
1791058696,my-rtb-kafka-1,33.40
1791058698,my-rtb-log-consumer-1,25.36
1791058698,my-rtb-bidder-1,136.63
1791058698,my-rtb-ad-manager-1,0.11
1791058698,my-rtb-schema-registry-1,0.33
1791058698,my-rtb-postgres-1,15.61
1791058698,my-rtb-redis-1,23.91
1791058698,my-rtb-kafka-1,35.38
1791058700,my-rtb-log-consumer-1,25.92
1791058700,my-rtb-bidder-1,126.20
1791058700,my-rtb-ad-manager-1,0.11
1791058700,my-rtb-schema-registry-1,0.30
1791058700,my-rtb-postgres-1,14.44
1791058700,my-rtb-redis-1,22.30
1791058700,my-rtb-kafka-1,33.55
1791058702,my-rtb-log-consumer-1,21.29
1791058702,my-rtb-bidder-1,96.65
1791058702,my-rtb-ad-manager-1,0.09
1791058702,my-rtb-schema-registry-1,0.27
1791058702,my-rtb-postgres-1,11.18
1791058702,my-rtb-redis-1,18.41
1791058702,my-rtb-kafka-1,28.93
1791058704,my-rtb-log-consumer-1,22.85
1791058704,my-rtb-bidder-1,117.02
1791058704,my-rtb-ad-manager-1,0.10
1791058704,my-rtb-schema-registry-1,0.26
1791058704,my-rtb-postgres-1,12.52
1791058704,my-rtb-redis-1,20.60
1791058704,my-rtb-kafka-1,32.11
1791058706,my-rtb-log-consumer-1,23.12
1791058706,my-rtb-bidder-1,113.18
1791058706,my-rtb-ad-manager-1,0.14
1791058706,my-rtb-schema-registry-1,0.26
1791058706,my-rtb-postgres-1,12.31
1791058706,my-rtb-redis-1,20.57
1791058706,my-rtb-kafka-1,31.88
1791058708,my-rtb-log-consumer-1,26.36
1791058708,my-rtb-bidder-1,157.27
1791058708,my-rtb-ad-manager-1,0.12
1791058708,my-rtb-schema-registry-1,0.47
1791058708,my-rtb-postgres-1,16.79
1791058708,my-rtb-redis-1,26.98
1791058708,my-rtb-kafka-1,33.43
1791058710,my-rtb-log-consumer-1,26.12
1791058710,my-rtb-bidder-1,136.40
1791058710,my-rtb-ad-manager-1,0.11
1791058710,my-rtb-schema-registry-1,0.35
1791058710,my-rtb-postgres-1,16.23
1791058710,my-rtb-redis-1,25.78
1791058710,my-rtb-kafka-1,35.85
1791058712,my-rtb-log-consumer-1,23.25
1791058712,my-rtb-bidder-1,112.02
1791058712,my-rtb-ad-manager-1,0.09
1791058712,my-rtb-schema-registry-1,0.26
1791058712,my-rtb-postgres-1,12.36
1791058712,my-rtb-redis-1,20.09
1791058712,my-rtb-kafka-1,31.96
1791058714,my-rtb-log-consumer-1,24.13
1791058714,my-rtb-bidder-1,124.15
1791058714,my-rtb-ad-manager-1,0.11
1791058714,my-rtb-schema-registry-1,0.68
1791058714,my-rtb-postgres-1,13.22
1791058714,my-rtb-redis-1,22.27
1791058714,my-rtb-kafka-1,36.58
1791058716,my-rtb-log-consumer-1,24.70
1791058716,my-rtb-bidder-1,119.91
1791058716,my-rtb-ad-manager-1,0.52
1791058716,my-rtb-schema-registry-1,0.32
1791058716,my-rtb-postgres-1,14.81
1791058716,my-rtb-redis-1,21.60
1791058716,my-rtb-kafka-1,33.22
1791058718,my-rtb-log-consumer-1,28.11
1791058718,my-rtb-bidder-1,175.95
1791058718,my-rtb-ad-manager-1,0.14
1791058718,my-rtb-schema-registry-1,0.36
1791058718,my-rtb-postgres-1,18.69
1791058718,my-rtb-redis-1,27.62
1791058718,my-rtb-kafka-1,32.99
1791058720,my-rtb-log-consumer-1,27.65
1791058720,my-rtb-bidder-1,149.82
1791058720,my-rtb-ad-manager-1,0.14
1791058720,my-rtb-schema-registry-1,0.33
1791058720,my-rtb-postgres-1,17.55
1791058720,my-rtb-redis-1,26.15
1791058720,my-rtb-kafka-1,35.23
1791058722,my-rtb-log-consumer-1,23.64
1791058722,my-rtb-bidder-1,129.25
1791058722,my-rtb-ad-manager-1,0.14
1791058722,my-rtb-schema-registry-1,0.42
1791058722,my-rtb-postgres-1,15.14
1791058722,my-rtb-redis-1,53.84
1791058722,my-rtb-kafka-1,30.80
1791058724,my-rtb-log-consumer-1,24.08
1791058724,my-rtb-bidder-1,125.60
1791058724,my-rtb-ad-manager-1,0.10
1791058724,my-rtb-schema-registry-1,0.26
1791058724,my-rtb-postgres-1,13.04
1791058724,my-rtb-redis-1,22.32
1791058724,my-rtb-kafka-1,33.38
1791058726,my-rtb-log-consumer-1,23.33
1791058726,my-rtb-bidder-1,124.12
1791058726,my-rtb-ad-manager-1,0.16
1791058726,my-rtb-schema-registry-1,0.27
1791058726,my-rtb-postgres-1,12.68
1791058726,my-rtb-redis-1,21.65
1791058726,my-rtb-kafka-1,32.71
1791058728,my-rtb-log-consumer-1,24.97
1791058728,my-rtb-bidder-1,119.92
1791058728,my-rtb-ad-manager-1,0.11
1791058728,my-rtb-schema-registry-1,0.30
1791058728,my-rtb-postgres-1,15.06
1791058728,my-rtb-redis-1,23.09
1791058728,my-rtb-kafka-1,32.70
1791058730,my-rtb-log-consumer-1,27.67
1791058730,my-rtb-bidder-1,137.13
1791058730,my-rtb-ad-manager-1,0.12
1791058730,my-rtb-schema-registry-1,0.33
1791058730,my-rtb-postgres-1,15.06
1791058730,my-rtb-redis-1,23.32
1791058730,my-rtb-kafka-1,33.68
1791058732,my-rtb-log-consumer-1,24.50
1791058732,my-rtb-bidder-1,128.76
1791058732,my-rtb-ad-manager-1,0.11
1791058732,my-rtb-schema-registry-1,0.30
1791058732,my-rtb-postgres-1,13.03
1791058732,my-rtb-redis-1,22.41
1791058732,my-rtb-kafka-1,33.85
1791058734,my-rtb-log-consumer-1,24.37
1791058734,my-rtb-bidder-1,140.41
1791058734,my-rtb-ad-manager-1,0.11
1791058734,my-rtb-schema-registry-1,0.36
1791058734,my-rtb-postgres-1,13.55
1791058734,my-rtb-redis-1,23.22
1791058734,my-rtb-kafka-1,33.97
1791058736,my-rtb-log-consumer-1,20.77
1791058736,my-rtb-bidder-1,127.19
1791058736,my-rtb-ad-manager-1,0.09
1791058736,my-rtb-schema-registry-1,0.26
1791058736,my-rtb-postgres-1,11.10
1791058736,my-rtb-redis-1,21.01
1791058736,my-rtb-kafka-1,28.85
1791058738,my-rtb-log-consumer-1,2.27
1791058738,my-rtb-bidder-1,35.21
1791058738,my-rtb-ad-manager-1,0.17
1791058738,my-rtb-schema-registry-1,0.42
1791058738,my-rtb-postgres-1,0.13
1791058738,my-rtb-redis-1,6.84
1791058738,my-rtb-kafka-1,2.85
