thread_group	cores	threads	busiest_thread_cores
lettuce-nioEven	0.785	2	0.772
GC Thread	0.341	2	0.171
G1 Conc	0.126	1	0.126
reactor-http-ni	0.049	4	0.013
kafka-producer-	0.021	1	0.021
C2 CompilerThre	0.013	1	0.013
AsyncAppender-W	0.011	2	0.009
kafka-log-pool-	0.008	6	0.003
G1 Refine	0.006	2	0.006
VM Thread	0.003	1	0.003
lettuce-timer	0.002	1	0.002
Service Thread	0.002	1	0.002
Notification Th	0.002	1	0.002
C1 CompilerThre	0.001	1	0.001
VM Periodic Tas	0.000	1	0.000
G1 Main Marker	0.000	1	0.000
BatchSpanProces	0.000	1	0.000
BatchLogRecordP	0.000	1	0.000
