minute	time	achieved_rps	p50_ms	p95_ms	p99_ms	dropped	lettuce_cores	per_req_lettuce_ms	bidder_thread_cores
1	17:00:51	1250	0.68	3.14	28.04	0	0.499	0.399	0.865
2	17:01:52	1244.83	0.9	306.2	577.89	311	0.578	0.462	1.100
3	17:02:55	1091.18	64.59	3077.68	4771.83	9530	0.614	0.491	1.373
4	17:03:56	1015.13	295.35	4807.05	6467.11	14093	0.701	0.561	1.552
5	17:04:57	1117.03	269.77	3279.71	4530.55	7979	0.713	0.57	1.505
6	17:05:58	1247.35	2.38	218.51	465.72	160	0.784	0.627	1.420
7	17:07:00	1094.95	14.5	3087.17	5342.71	9303	0.699	0.559	1.482
8	17:08:02	1069.02	1880.33	2650.46	3801.54	10859	0.636	0.509	1.614
9	17:09:04	904.6	2438.5	4042.94	4352.95	20724	0.591	0.473	1.619
10	17:10:06	1027.08	2103.88	3132.21	3725.08	13376	0.641	0.513	1.640
11	17:11:08	1019.37	2147.95	2845.21	3768.68	13838	0.587	0.47	1.641
12	17:12:10	935.42	2411.65	3446.25	4820.3	18876	0.609	0.487	1.599
13	17:13:11	1249.2	3.28	161.05	279.78	48	0.821	0.657	1.484
14	17:14:12	1242.27	5.77	440.75	705.77	465	0.844	0.675	1.516
15	17:15:14	1120.22	41.84	2815.75	3213.43	7788	0.726	0.581	1.532
16	17:16:16	727.87	3301.41	4253.3	4536.89	31329	0.543	0.434	1.561
17	17:17:19	917.75	2468.99	3382.81	3873.69	19936	0.583	0.466	1.624
18	17:18:21	940.9	2376.32	3478.9	3829.19	18547	0.670	0.536	1.587
19	17:19:23	731.32	3211.47	3973.52	4327.69	31122	0.575	0.46	1.619
20	17:20:26	747.67	3121.72	4238.77	4429.52	30140	0.573	0.458	1.612
