time	sec	host_ms	vm_ms
17:20:36	10	1520	1248
17:21:32	66	917	977
17:22:32	126	896	959
17:23:32	186	893	958
17:24:32	246	895	953
17:25:32	306	918	963
17:26:32	366	892	954
17:27:32	426	916	958
17:28:32	486	947	977
17:29:32	546	917	978
17:30:32	606	907	968
17:31:33	667	942	982
17:32:32	726	911	961
17:33:32	786	914	970
17:34:32	846	906	966
17:35:32	906	956	956
17:36:32	966	894	971
17:37:33	1027	894	957
17:38:32	1086	934	952
17:39:32	1146	903	980
17:40:33	1207	914	959
17:41:32	1266	914	955
17:42:32	1326	897	964
17:43:32	1386	901	982
17:44:32	1446	922	992
17:45:32	1506	907	966
